firm_name,missing_fields_before,fields_filled,extraction_confidence,latest_fund_name,latest_fund_size_usd,evidence_count,needs_manual_review
 Gnani Palanikumar (Individual),stage_focus|sector_focus|themes|geo_focus|latest_fund_name|latest_fund_size_usd|latest_fund_announcement_date|underrepresented_founders_focus|evidence_urls|extraction_confidence,extraction_confidence,0,,,0,true
 Manish  Patel (Individual),stage_focus|sector_focus|themes|geo_focus|latest_fund_name|latest_fund_size_usd|latest_fund_announcement_date|underrepresented_founders_focus|evidence_urls|extraction_confidence,extraction_confidence,0,,,0,true
 Mike Biddel (Individual),stage_focus|sector_focus|themes|geo_focus|latest_fund_name|latest_fund_size_usd|latest_fund_announcement_date|underrepresented_founders_focus|evidence_urls|extraction_confidence,extraction_confidence,0,,,0,true
 Peter  Kern (Individual),stage_focus|sector_focus|themes|geo_focus|latest_fund_name|latest_fund_size_usd|latest_fund_announcement_date|underrepresented_founders_focus|evidence_urls|extraction_confidence,extraction_confidence,0,,,0,true
 Vijay  Lathe (Individual),stage_focus|sector_focus|themes|geo_focus|latest_fund_name|latest_fund_size_usd|latest_fund_announcement_date|underrepresented_founders_focus|evidence_urls|extraction_confidence,extraction_confidence,0,,,0,true
.406 Ventures,stage_focus|sector_focus|themes|geo_focus|latest_fund_name|latest_fund_size_usd|latest_fund_announcement_date|underrepresented_founders_focus|evidence_urls|extraction_confidence,stage_focus|sector_focus|geo_focus|evidence_urls|extraction_confidence,0.942,,,6,false
.The Aventures,stage_focus|sector_focus|themes|geo_focus|latest_fund_name|latest_fund_size_usd|latest_fund_announcement_date|underrepresented_founders_focus|evidence_urls|extraction_confidence,stage_focus|sector_focus|geo_focus|latest_fund_size_usd|evidence_urls|extraction_confidence,0.946,,2000000000,55,false
'Daniella Fischel' (Individual),stage_focus|sector_focus|themes|geo_focus|latest_fund_name|latest_fund_size_usd|latest_fund_announcement_date|underrepresented_founders_focus|evidence_urls|extraction_confidence,extraction_confidence,0,,,0,true
'Franco Gianera' (Individual),stage_focus|sector_focus|themes|geo_focus|latest_fund_name|latest_fund_size_usd|latest_fund_announcement_date|underrepresented_founders_focus|evidence_urls|extraction_confidence,extraction_confidence,0,,,0,true
"""""""""</ebsorxkveo>#\ // (Individual)",stage_focus|sector_focus|themes|geo_focus|latest_fund_name|latest_fund_size_usd|latest_fund_announcement_date|underrepresented_founders_focus|evidence_urls|extraction_confidence,extraction_confidence,0,,,0,true
(GBIC) Global Blockchain Innovative Capital,stage_focus|sector_focus|themes|geo_focus|latest_fund_name|latest_fund_size_usd|latest_fund_announcement_date|underrepresented_founders_focus|evidence_urls|extraction_confidence,extraction_confidence,0,,,0,true
(SVTC) + Constellar Ventures,stage_focus|sector_focus|themes|geo_focus|latest_fund_name|latest_fund_size_usd|latest_fund_announcement_date|underrepresented_founders_focus|evidence_urls|extraction_confidence,extraction_confidence,0,,,0,true
[removed] [removed] (Individual),stage_focus|sector_focus|themes|geo_focus|latest_fund_name|latest_fund_size_usd|latest_fund_announcement_date|underrepresented_founders_focus|evidence_urls|extraction_confidence,extraction_confidence,0,,,0,true
[sīc] Ventures,stage_focus|sector_focus|themes|geo_focus|latest_fund_name|latest_fund_size_usd|latest_fund_announcement_date|underrepresented_founders_focus|evidence_urls|extraction_confidence,stage_focus|sector_focus|geo_focus|evidence_urls|extraction_confidence,0.947,,,3,false
#ANGELS (Hashtag ANGELS),stage_focus|sector_focus|themes|geo_focus|latest_fund_name|latest_fund_size_usd|latest_fund_announcement_date|underrepresented_founders_focus|evidence_urls|extraction_confidence,stage_focus|sector_focus|geo_focus|evidence_urls|extraction_confidence,0.947,,,3,false
#SecretFund,stage_focus|sector_focus|themes|geo_focus|latest_fund_name|latest_fund_size_usd|latest_fund_announcement_date|underrepresented_founders_focus|evidence_urls|extraction_confidence,extraction_confidence,0,,,0,true
⚡️Philip Sebastian (Individual),stage_focus|sector_focus|themes|geo_focus|latest_fund_name|latest_fund_size_usd|latest_fund_announcement_date|underrepresented_founders_focus|evidence_urls|extraction_confidence,extraction_confidence,0,,,0,true
🍄 Magic,stage_focus|sector_focus|themes|geo_focus|latest_fund_name|latest_fund_size_usd|latest_fund_announcement_date|underrepresented_founders_focus|evidence_urls|extraction_confidence,extraction_confidence,0,,,0,true
0 CopyFinancial,stage_focus|sector_focus|themes|geo_focus|latest_fund_name|latest_fund_size_usd|latest_fund_announcement_date|underrepresented_founders_focus|evidence_urls|extraction_confidence,stage_focus|sector_focus|geo_focus|latest_fund_size_usd|latest_fund_announcement_date|evidence_urls|extraction_confidence,0.942,,12345678990000000,9,false
01 Advisors,stage_focus|sector_focus|themes|geo_focus|latest_fund_name|latest_fund_size_usd|latest_fund_announcement_date|underrepresented_founders_focus|evidence_urls|extraction_confidence,stage_focus|geo_focus|latest_fund_size_usd|evidence_urls|extraction_confidence,0.953,,123000000000,4,false
01 Ventures,stage_focus|sector_focus|themes|geo_focus|latest_fund_name|latest_fund_size_usd|latest_fund_announcement_date|underrepresented_founders_focus|evidence_urls|extraction_confidence,stage_focus|sector_focus|geo_focus|latest_fund_announcement_date|evidence_urls|extraction_confidence,0.94,,,6,false
01booster,stage_focus|sector_focus|themes|geo_focus|latest_fund_name|latest_fund_size_usd|latest_fund_announcement_date|underrepresented_founders_focus|evidence_urls|extraction_confidence,geo_focus|evidence_urls|extraction_confidence,0.94,,,3,false
040 Capital,stage_focus|sector_focus|themes|geo_focus|latest_fund_name|latest_fund_size_usd|latest_fund_announcement_date|underrepresented_founders_focus|evidence_urls|extraction_confidence,extraction_confidence,0,,,0,true
0BS,stage_focus|sector_focus|themes|geo_focus|latest_fund_name|latest_fund_size_usd|latest_fund_announcement_date|underrepresented_founders_focus|evidence_urls|extraction_confidence,stage_focus|sector_focus|latest_fund_size_usd|evidence_urls|extraction_confidence,0.953,,50000,4,false
1 4 All Group,stage_focus|sector_focus|themes|geo_focus|latest_fund_name|latest_fund_size_usd|latest_fund_announcement_date|underrepresented_founders_focus|evidence_urls|extraction_confidence,stage_focus|sector_focus|geo_focus|latest_fund_size_usd|latest_fund_announcement_date|evidence_urls|extraction_confidence,0.952,,1500000000,8,false
1-4-All Group,stage_focus|sector_focus|themes|geo_focus|latest_fund_name|latest_fund_size_usd|latest_fund_announcement_date|underrepresented_founders_focus|evidence_urls|extraction_confidence,stage_focus|sector_focus|geo_focus|latest_fund_size_usd|latest_fund_announcement_date|evidence_urls|extraction_confidence,0.952,,1500000000,11,false
1/1 Capital,stage_focus|sector_focus|themes|geo_focus|latest_fund_name|latest_fund_size_usd|latest_fund_announcement_date|underrepresented_founders_focus|evidence_urls|extraction_confidence,stage_focus|geo_focus|evidence_urls|extraction_confidence,0.95,,,6,false
1004 Venture Partners,stage_focus|sector_focus|themes|geo_focus|latest_fund_name|underrepresented_founders_focus|evidence_urls|extraction_confidence,stage_focus|sector_focus|geo_focus|evidence_urls|extraction_confidence,0.942,,,10,false
100X.VC,stage_focus|sector_focus|themes|geo_focus|latest_fund_name|latest_fund_size_usd|latest_fund_announcement_date|underrepresented_founders_focus|evidence_urls|extraction_confidence,stage_focus|sector_focus|geo_focus|latest_fund_size_usd|latest_fund_announcement_date|evidence_urls|extraction_confidence,0.935,,90000000,14,false
10100,stage_focus|sector_focus|themes|geo_focus|latest_fund_name|latest_fund_size_usd|latest_fund_announcement_date|underrepresented_founders_focus|evidence_urls|extraction_confidence,stage_focus|geo_focus|evidence_urls|extraction_confidence,0.95,,,2,false
10100 fund,stage_focus|sector_focus|themes|geo_focus|latest_fund_name|latest_fund_size_usd|latest_fund_announcement_date|underrepresented_founders_focus|evidence_urls|extraction_confidence,stage_focus|geo_focus|evidence_urls|extraction_confidence,0.95,,,2,false
10b - Gestora de Recursos,stage_focus|sector_focus|themes|geo_focus|latest_fund_name|latest_fund_size_usd|latest_fund_announcement_date|underrepresented_founders_focus|evidence_urls|extraction_confidence,extraction_confidence,0,,,0,true
10Branch,stage_focus|sector_focus|themes|geo_focus|latest_fund_name|latest_fund_size_usd|latest_fund_announcement_date|underrepresented_founders_focus|evidence_urls|extraction_confidence,extraction_confidence,0,,,0,true
10D,stage_focus|sector_focus|themes|geo_focus|latest_fund_name|latest_fund_size_usd|latest_fund_announcement_date|underrepresented_founders_focus|evidence_urls|extraction_confidence,stage_focus|sector_focus|geo_focus|latest_fund_size_usd|evidence_urls|extraction_confidence,0.946,,6200000,16,false
10K Ventures,stage_focus|sector_focus|themes|geo_focus|latest_fund_name|latest_fund_size_usd|latest_fund_announcement_date|underrepresented_founders_focus|evidence_urls|extraction_confidence,stage_focus|sector_focus|geo_focus|evidence_urls|extraction_confidence,0.943,,,4,false
10T Holdings,stage_focus|sector_focus|themes|geo_focus|latest_fund_name|latest_fund_size_usd|latest_fund_announcement_date|underrepresented_founders_focus|evidence_urls|extraction_confidence,stage_focus|sector_focus|geo_focus|latest_fund_name|latest_fund_size_usd|evidence_urls|extraction_confidence,0.948,Read About Fund V,1700000000,5,false
10X Capital,stage_focus|sector_focus|themes|geo_focus|latest_fund_name|latest_fund_size_usd|latest_fund_announcement_date|underrepresented_founders_focus|evidence_urls|extraction_confidence,stage_focus|sector_focus|geo_focus|evidence_urls|extraction_confidence,0.947,,,3,false
10x Founders,stage_focus|sector_focus|themes|geo_focus|latest_fund_name|latest_fund_size_usd|latest_fund_announcement_date|underrepresented_founders_focus|evidence_urls|extraction_confidence,stage_focus|geo_focus|evidence_urls|extraction_confidence,0.95,,,4,false
10x Group,stage_focus|sector_focus|themes|geo_focus|latest_fund_name|latest_fund_size_usd|latest_fund_announcement_date|underrepresented_founders_focus|evidence_urls|extraction_confidence,stage_focus|sector_focus|geo_focus|evidence_urls|extraction_confidence,0.947,,,3,false
10x Investor Club,stage_focus|sector_focus|themes|geo_focus|latest_fund_name|latest_fund_size_usd|latest_fund_announcement_date|underrepresented_founders_focus|evidence_urls|extraction_confidence,stage_focus|sector_focus|geo_focus|evidence_urls|extraction_confidence,0.947,,,3,false
10X Venture Partners,stage_focus|sector_focus|themes|geo_focus|latest_fund_name|latest_fund_size_usd|latest_fund_announcement_date|underrepresented_founders_focus|evidence_urls|extraction_confidence,extraction_confidence,0,,,0,true
10xers Fund,stage_focus|sector_focus|themes|geo_focus|latest_fund_name|latest_fund_size_usd|latest_fund_announcement_date|underrepresented_founders_focus|evidence_urls|extraction_confidence,extraction_confidence,0,,,0,true
11,stage_focus|sector_focus|themes|geo_focus|latest_fund_name|underrepresented_founders_focus|evidence_urls|extraction_confidence,stage_focus|sector_focus|geo_focus|latest_fund_name|evidence_urls|extraction_confidence,0.939,Growth Fund I,1000000,15,false
11 Tribes Ventures,stage_focus|sector_focus|themes|geo_focus|latest_fund_name|latest_fund_size_usd|latest_fund_announcement_date|underrepresented_founders_focus|evidence_urls|extraction_confidence,stage_focus|sector_focus|geo_focus|latest_fund_name|latest_fund_size_usd|latest_fund_announcement_date|underrepresented_founders_focus|evidence_urls|extraction_confidence,0.949,Home Approach Portfolio Team Resources Funding Application Home Approach Portfolio Team Resources Funding Application Fund 2,8000000000,13,false
11-11 Ventures,stage_focus|sector_focus|themes|geo_focus|latest_fund_name|latest_fund_size_usd|latest_fund_announcement_date|underrepresented_founders_focus|evidence_urls|extraction_confidence,stage_focus|sector_focus|geo_focus|latest_fund_name|latest_fund_size_usd|latest_fund_announcement_date|evidence_urls|extraction_confidence,0.939,Growth Fund I,1000000,15,false
11.2 Capital,stage_focus|sector_focus|themes|geo_focus|latest_fund_name|latest_fund_size_usd|latest_fund_announcement_date|underrepresented_founders_focus|evidence_urls|extraction_confidence,stage_focus|sector_focus|geo_focus|latest_fund_size_usd|latest_fund_announcement_date|evidence_urls|extraction_confidence,0.922,,15000000,15,false
111° West Capital,stage_focus|sector_focus|themes|geo_focus|latest_fund_name|latest_fund_size_usd|latest_fund_announcement_date|underrepresented_founders_focus|evidence_urls|extraction_confidence,stage_focus|sector_focus|evidence_urls|extraction_confidence,0.95,,,2,false
112 Capital,stage_focus|sector_focus|themes|geo_focus|latest_fund_name|latest_fund_size_usd|latest_fund_announcement_date|underrepresented_founders_focus|evidence_urls|extraction_confidence,extraction_confidence,0,,,0,true
115K,stage_focus|sector_focus|themes|geo_focus|latest_fund_name|latest_fund_size_usd|latest_fund_announcement_date|underrepresented_founders_focus|evidence_urls|extraction_confidence,stage_focus|sector_focus|evidence_urls|extraction_confidence,0.95,,,5,false
11k Ventures,stage_focus|sector_focus|themes|geo_focus|latest_fund_name|latest_fund_size_usd|latest_fund_announcement_date|underrepresented_founders_focus|evidence_urls|extraction_confidence,stage_focus|sector_focus|geo_focus|evidence_urls|extraction_confidence,0.943,,,4,false
122 West Ventures,stage_focus|sector_focus|themes|geo_focus|latest_fund_name|latest_fund_size_usd|latest_fund_announcement_date|underrepresented_founders_focus|evidence_urls|extraction_confidence,stage_focus|sector_focus|geo_focus|latest_fund_size_usd|latest_fund_announcement_date|evidence_urls|extraction_confidence,0.935,,12000000,9,false
122WEST Ventures,stage_focus|sector_focus|themes|geo_focus|latest_fund_name|latest_fund_size_usd|latest_fund_announcement_date|underrepresented_founders_focus|evidence_urls|extraction_confidence,stage_focus|sector_focus|geo_focus|latest_fund_size_usd|latest_fund_announcement_date|evidence_urls|extraction_confidence,0.935,,12000000,9,false
1230 Ventures,stage_focus|sector_focus|themes|geo_focus|latest_fund_name|latest_fund_size_usd|latest_fund_announcement_date|underrepresented_founders_focus|evidence_urls|extraction_confidence,extraction_confidence,0,,,0,true
125 Ventures,stage_focus|sector_focus|themes|geo_focus|latest_fund_name|latest_fund_size_usd|latest_fund_announcement_date|underrepresented_founders_focus|evidence_urls|extraction_confidence,stage_focus|sector_focus|geo_focus|evidence_urls|extraction_confidence,0.947,,,6,false
128vc,stage_focus|sector_focus|themes|geo_focus|latest_fund_name|latest_fund_size_usd|latest_fund_announcement_date|underrepresented_founders_focus|evidence_urls|extraction_confidence,sector_focus|evidence_urls|extraction_confidence,0.94,,,11,false
13 Ventures,stage_focus|sector_focus|themes|geo_focus|latest_fund_name|latest_fund_size_usd|latest_fund_announcement_date|underrepresented_founders_focus|evidence_urls|extraction_confidence,geo_focus|evidence_urls|extraction_confidence,0.94,,,1,false
1337 Ventures,stage_focus|sector_focus|themes|geo_focus|latest_fund_name|latest_fund_size_usd|latest_fund_announcement_date|underrepresented_founders_focus|evidence_urls|extraction_confidence,stage_focus|sector_focus|geo_focus|latest_fund_announcement_date|evidence_urls|extraction_confidence,0.94,,,10,false
1347 Ventures,stage_focus|sector_focus|themes|geo_focus|latest_fund_name|latest_fund_size_usd|latest_fund_announcement_date|underrepresented_founders_focus|evidence_urls|extraction_confidence,extraction_confidence,0,,,0,true
137 Ventures,stage_focus|sector_focus|themes|geo_focus|latest_fund_name|latest_fund_size_usd|latest_fund_announcement_date|underrepresented_founders_focus|evidence_urls|extraction_confidence,stage_focus|latest_fund_size_usd|evidence_urls|extraction_confidence,0.96,,5000000,6,false
13o3,stage_focus|sector_focus|themes|geo_focus|latest_fund_name|latest_fund_size_usd|latest_fund_announcement_date|underrepresented_founders_focus|evidence_urls|extraction_confidence,stage_focus|sector_focus|geo_focus|latest_fund_name|latest_fund_size_usd|evidence_urls|extraction_confidence,0.948,Crypto Fund I,1200000000,9,false
1414 Ventures,stage_focus|sector_focus|themes|geo_focus|latest_fund_name|latest_fund_size_usd|latest_fund_announcement_date|underrepresented_founders_focus|evidence_urls|extraction_confidence,stage_focus|sector_focus|geo_focus|latest_fund_size_usd|evidence_urls|extraction_confidence,0.95,,25000000000,9,false
1435 Capital Management,stage_focus|sector_focus|themes|geo_focus|latest_fund_name|latest_fund_size_usd|latest_fund_announcement_date|underrepresented_founders_focus|evidence_urls|extraction_confidence,stage_focus|sector_focus|geo_focus|latest_fund_announcement_date|evidence_urls|extraction_confidence,0.946,,,7,false
1435 Capital SLLC,stage_focus|sector_focus|themes|geo_focus|latest_fund_name|latest_fund_size_usd|latest_fund_announcement_date|underrepresented_founders_focus|evidence_urls|extraction_confidence,sector_focus|geo_focus|evidence_urls|extraction_confidence,0.937,,,9,false
14Peaks Capital,stage_focus|sector_focus|themes|geo_focus|latest_fund_name|latest_fund_size_usd|latest_fund_announcement_date|underrepresented_founders_focus|evidence_urls|extraction_confidence,stage_focus|sector_focus|geo_focus|latest_fund_name|latest_fund_size_usd|evidence_urls|extraction_confidence,0.945,Capital Fund I,3600000,16,false
14W,stage_focus|sector_focus|themes|geo_focus|latest_fund_name|latest_fund_size_usd|latest_fund_announcement_date|underrepresented_founders_focus|evidence_urls|extraction_confidence,geo_focus|latest_fund_announcement_date|evidence_urls|extraction_confidence,0.91,,,2,false
1517 Fund,stage_focus|sector_focus|themes|geo_focus|latest_fund_name|latest_fund_size_usd|latest_fund_announcement_date|underrepresented_founders_focus|evidence_urls|extraction_confidence,stage_focus|sector_focus|geo_focus|latest_fund_name|latest_fund_size_usd|latest_fund_announcement_date|evidence_urls|extraction_confidence,0.947,1517 Fund Fund 1517,1000,12,false
15th Rock Ventures,stage_focus|sector_focus|themes|geo_focus|latest_fund_name|latest_fund_size_usd|latest_fund_announcement_date|underrepresented_founders_focus|evidence_urls|extraction_confidence,sector_focus|geo_focus|evidence_urls|extraction_confidence,0.94,,,5,false
1616 Ventures,stage_focus|sector_focus|themes|geo_focus|latest_fund_name|latest_fund_size_usd|latest_fund_announcement_date|underrepresented_founders_focus|evidence_urls|extraction_confidence,stage_focus|sector_focus|geo_focus|latest_fund_size_usd|evidence_urls|extraction_confidence,0.946,,150000,5,false
1619 Ventures,stage_focus|sector_focus|themes|geo_focus|latest_fund_name|latest_fund_size_usd|latest_fund_announcement_date|underrepresented_founders_focus|evidence_urls|extraction_confidence,extraction_confidence,0,,,0,true
1776,stage_focus|sector_focus|themes|geo_focus|latest_fund_name|latest_fund_size_usd|latest_fund_announcement_date|underrepresented_founders_focus|evidence_urls|extraction_confidence,extraction_confidence,0,,,0,true
1776 Ventures,stage_focus|sector_focus|themes|geo_focus|latest_fund_name|latest_fund_size_usd|latest_fund_announcement_date|underrepresented_founders_focus|evidence_urls|extraction_confidence,extraction_confidence,0,,,0,true
17Sigma,stage_focus|sector_focus|themes|geo_focus|latest_fund_name|latest_fund_size_usd|latest_fund_announcement_date|underrepresented_founders_focus|evidence_urls|extraction_confidence,stage_focus|sector_focus|geo_focus|evidence_urls|extraction_confidence,0.947,,,6,false
18.Ventures,stage_focus|sector_focus|themes|geo_focus|latest_fund_name|latest_fund_size_usd|latest_fund_announcement_date|underrepresented_founders_focus|evidence_urls|extraction_confidence,extraction_confidence,0,,,0,true
1818 Venture Capital,stage_focus|sector_focus|themes|geo_focus|latest_fund_name|latest_fund_size_usd|latest_fund_announcement_date|underrepresented_founders_focus|evidence_urls|extraction_confidence,stage_focus|sector_focus|geo_focus|latest_fund_size_usd|evidence_urls|extraction_confidence,0.95,,2500000000,7,false
1843 Capital,stage_focus|sector_focus|themes|geo_focus|latest_fund_name|latest_fund_size_usd|latest_fund_announcement_date|underrepresented_founders_focus|evidence_urls|extraction_confidence,stage_focus|sector_focus|geo_focus|latest_fund_size_usd|evidence_urls|extraction_confidence,0.946,,1000000000,11,false
1859 Ventures,stage_focus|sector_focus|themes|geo_focus|latest_fund_name|latest_fund_size_usd|latest_fund_announcement_date|underrepresented_founders_focus|evidence_urls|extraction_confidence,extraction_confidence,0,,,0,true
186 Ventures,stage_focus|sector_focus|themes|geo_focus|latest_fund_name|latest_fund_size_usd|latest_fund_announcement_date|underrepresented_founders_focus|evidence_urls|extraction_confidence,stage_focus|sector_focus|geo_focus|latest_fund_size_usd|evidence_urls|extraction_confidence,0.95,,3000000,6,false
1863 Ventures,stage_focus|sector_focus|themes|geo_focus|latest_fund_name|latest_fund_size_usd|latest_fund_announcement_date|underrepresented_founders_focus|evidence_urls|extraction_confidence,extraction_confidence,0,,,0,true
1955 Capital,stage_focus|sector_focus|themes|geo_focus|latest_fund_name|latest_fund_size_usd|latest_fund_announcement_date|underrepresented_founders_focus|evidence_urls|extraction_confidence,stage_focus|sector_focus|geo_focus|latest_fund_size_usd|latest_fund_announcement_date|evidence_urls|extraction_confidence,0.928,,350000000,11,false
1982 Ventures,stage_focus|sector_focus|themes|geo_focus|latest_fund_name|latest_fund_size_usd|latest_fund_announcement_date|underrepresented_founders_focus|evidence_urls|extraction_confidence,stage_focus|sector_focus|geo_focus|latest_fund_size_usd|latest_fund_announcement_date|evidence_urls|extraction_confidence,0.948,,4000000,14,false
1984 Ventures,stage_focus|sector_focus|themes|geo_focus|latest_fund_name|latest_fund_size_usd|latest_fund_announcement_date|underrepresented_founders_focus|evidence_urls|extraction_confidence,stage_focus|sector_focus|geo_focus|latest_fund_size_usd|latest_fund_announcement_date|evidence_urls|extraction_confidence,0.942,,55000000,12,false
1984.vc,stage_focus|sector_focus|themes|geo_focus|latest_fund_name|latest_fund_size_usd|latest_fund_announcement_date|underrepresented_founders_focus|evidence_urls|extraction_confidence,stage_focus|sector_focus|geo_focus|latest_fund_size_usd|latest_fund_announcement_date|evidence_urls|extraction_confidence,0.942,,55000000,12,false
1986 Equity Partners,stage_focus|sector_focus|themes|geo_focus|latest_fund_name|latest_fund_size_usd|latest_fund_announcement_date|underrepresented_founders_focus|evidence_urls|extraction_confidence,extraction_confidence,0,,,0,true
1986 Holding,stage_focus|sector_focus|themes|geo_focus|latest_fund_name|latest_fund_size_usd|latest_fund_announcement_date|underrepresented_founders_focus|evidence_urls|extraction_confidence,extraction_confidence,0,,,0,true
1confirmation,stage_focus|sector_focus|themes|geo_focus|latest_fund_name|latest_fund_size_usd|latest_fund_announcement_date|underrepresented_founders_focus|evidence_urls|extraction_confidence,stage_focus|sector_focus|geo_focus|latest_fund_size_usd|latest_fund_announcement_date|evidence_urls|extraction_confidence,0.948,,30000000000,7,false
1Flourish Capital,stage_focus|sector_focus|themes|geo_focus|latest_fund_name|latest_fund_size_usd|latest_fund_announcement_date|underrepresented_founders_focus|evidence_urls|extraction_confidence,stage_focus|sector_focus|geo_focus|latest_fund_size_usd|evidence_urls|extraction_confidence,0.95,,1000000000,7,false
1infinity Ventures,stage_focus|sector_focus|themes|geo_focus|latest_fund_name|latest_fund_size_usd|latest_fund_announcement_date|underrepresented_founders_focus|evidence_urls|extraction_confidence,extraction_confidence,0,,,0,true
1k(x),stage_focus|sector_focus|themes|geo_focus|latest_fund_name|latest_fund_size_usd|latest_fund_announcement_date|underrepresented_founders_focus|evidence_urls|extraction_confidence,stage_focus|sector_focus|geo_focus|latest_fund_announcement_date|evidence_urls|extraction_confidence,0.95,,,8,false
1kx,stage_focus|sector_focus|themes|geo_focus|latest_fund_name|latest_fund_size_usd|latest_fund_announcement_date|underrepresented_founders_focus|evidence_urls|extraction_confidence,stage_focus|sector_focus|geo_focus|latest_fund_announcement_date|evidence_urls|extraction_confidence,0.95,,,8,false
1P Ventures,stage_focus|sector_focus|themes|geo_focus|latest_fund_name|latest_fund_size_usd|latest_fund_announcement_date|underrepresented_founders_focus|evidence_urls|extraction_confidence,stage_focus|sector_focus|geo_focus|latest_fund_size_usd|evidence_urls|extraction_confidence,0.95,,5230000000,4,false
1Sharpe Ventures,stage_focus|sector_focus|themes|geo_focus|latest_fund_name|latest_fund_size_usd|latest_fund_announcement_date|underrepresented_founders_focus|evidence_urls|extraction_confidence,stage_focus|sector_focus|geo_focus|latest_fund_size_usd|evidence_urls|extraction_confidence,0.95,,2000000000,4,false
1st Course Capital,stage_focus|sector_focus|themes|geo_focus|latest_fund_name|latest_fund_size_usd|latest_fund_announcement_date|underrepresented_founders_focus|evidence_urls|extraction_confidence,stage_focus|sector_focus|geo_focus|evidence_urls|extraction_confidence,0.942,,,12,false
1Up Ventures,stage_focus|sector_focus|themes|geo_focus|latest_fund_name|latest_fund_size_usd|latest_fund_announcement_date|underrepresented_founders_focus|evidence_urls|extraction_confidence,geo_focus|latest_fund_name|evidence_urls|extraction_confidence,0.94,Fund I Portfolio Fund II,,6,false
2.12 Angels,stage_focus|sector_focus|themes|geo_focus|latest_fund_name|latest_fund_size_usd|latest_fund_announcement_date|underrepresented_founders_focus|evidence_urls|extraction_confidence,stage_focus|sector_focus|geo_focus|evidence_urls|extraction_confidence,0.943,,,4,false
2|Twelve,stage_focus|sector_focus|themes|geo_focus|latest_fund_name|latest_fund_size_usd|latest_fund_announcement_date|underrepresented_founders_focus|evidence_urls|extraction_confidence,stage_focus|sector_focus|geo_focus|evidence_urls|extraction_confidence,0.943,,,4,false
20 Ventures,stage_focus|sector_focus|themes|geo_focus|latest_fund_name|latest_fund_size_usd|latest_fund_announcement_date|underrepresented_founders_focus|evidence_urls|extraction_confidence,stage_focus|sector_focus|geo_focus|evidence_urls|extraction_confidence,0.947,,,3,false
2020 Ventures,stage_focus|sector_focus|themes|geo_focus|latest_fund_name|latest_fund_size_usd|latest_fund_announcement_date|underrepresented_founders_focus|evidence_urls|extraction_confidence,extraction_confidence,0,,,0,true
2045 Ventures,stage_focus|sector_focus|themes|geo_focus|latest_fund_name|latest_fund_size_usd|latest_fund_announcement_date|underrepresented_founders_focus|evidence_urls|extraction_confidence,stage_focus|sector_focus|geo_focus|latest_fund_size_usd|evidence_urls|extraction_confidence,0.95,,1500000,4,false
2048 Ventures,stage_focus|sector_focus|themes|geo_focus|latest_fund_name|underrepresented_founders_focus|evidence_urls|extraction_confidence,stage_focus|sector_focus|geo_focus|latest_fund_name|evidence_urls|extraction_confidence,0.947,2048 Ventures Fund III,500000,18,false
2050 Capital,stage_focus|sector_focus|themes|geo_focus|latest_fund_name|latest_fund_size_usd|latest_fund_announcement_date|underrepresented_founders_focus|evidence_urls|extraction_confidence,stage_focus|sector_focus|geo_focus|latest_fund_size_usd|evidence_urls|extraction_confidence,0.946,,3000000,23,false
208 Seed Ventures,stage_focus|sector_focus|themes|geo_focus|latest_fund_name|latest_fund_size_usd|latest_fund_announcement_date|underrepresented_founders_focus|evidence_urls|extraction_confidence,extraction_confidence,0,,,0,true
2080 Ventures,stage_focus|sector_focus|themes|geo_focus|latest_fund_name|latest_fund_size_usd|latest_fund_announcement_date|underrepresented_founders_focus|evidence_urls|extraction_confidence,stage_focus|sector_focus|geo_focus|latest_fund_announcement_date|evidence_urls|extraction_confidence,0.946,,,8,false
20Growth,stage_focus|sector_focus|themes|geo_focus|latest_fund_name|latest_fund_size_usd|latest_fund_announcement_date|underrepresented_founders_focus|evidence_urls|extraction_confidence,extraction_confidence,0,,,0,true
20VC,stage_focus|sector_focus|themes|geo_focus|latest_fund_name|latest_fund_size_usd|latest_fund_announcement_date|underrepresented_founders_focus|evidence_urls|extraction_confidence,stage_focus|sector_focus|geo_focus|evidence_urls|extraction_confidence,0.942,,,6,false
212,stage_focus|sector_focus|themes|geo_focus|latest_fund_name|latest_fund_size_usd|latest_fund_announcement_date|underrepresented_founders_focus|evidence_urls|extraction_confidence,stage_focus|sector_focus|geo_focus|latest_fund_name|latest_fund_announcement_date|evidence_urls|extraction_confidence,0.945,Regional Fund II,,11,false
212 Ventures,stage_focus|sector_focus|themes|geo_focus|latest_fund_name|latest_fund_size_usd|latest_fund_announcement_date|underrepresented_founders_focus|evidence_urls|extraction_confidence,stage_focus|sector_focus|geo_focus|latest_fund_name|latest_fund_announcement_date|evidence_urls|extraction_confidence,0.945,Regional Fund II,,11,false
212Founders,stage_focus|sector_focus|themes|geo_focus|latest_fund_name|latest_fund_size_usd|latest_fund_announcement_date|underrepresented_founders_focus|evidence_urls|extraction_confidence,stage_focus|sector_focus|geo_focus|latest_fund_size_usd|latest_fund_announcement_date|evidence_urls|extraction_confidence,0.952,,1000000,6,false
2150,stage_focus|sector_focus|themes|geo_focus|latest_fund_name|underrepresented_founders_focus|evidence_urls|extraction_confidence,stage_focus|sector_focus|geo_focus|latest_fund_name|evidence_urls|extraction_confidence,0.928,2150 Leaders II,12000000,9,false
21M Capital,stage_focus|sector_focus|themes|geo_focus|latest_fund_name|latest_fund_size_usd|latest_fund_announcement_date|underrepresented_founders_focus|evidence_urls|extraction_confidence,sector_focus|geo_focus|latest_fund_size_usd|evidence_urls|extraction_confidence,0.947,,400000000,33,false
236 Ventures,stage_focus|sector_focus|themes|geo_focus|latest_fund_name|latest_fund_size_usd|latest_fund_announcement_date|underrepresented_founders_focus|evidence_urls|extraction_confidence,extraction_confidence,0,,,0,true
23andMe,stage_focus|sector_focus|themes|geo_focus|latest_fund_name|latest_fund_size_usd|latest_fund_announcement_date|underrepresented_founders_focus|evidence_urls|extraction_confidence,extraction_confidence,0,,,0,true
24Haymarket,stage_focus|sector_focus|themes|geo_focus|latest_fund_name|latest_fund_size_usd|latest_fund_announcement_date|underrepresented_founders_focus|evidence_urls|extraction_confidence,stage_focus|sector_focus|geo_focus|latest_fund_size_usd|evidence_urls|extraction_confidence,0.938,,40000000,12,false
25madison,stage_focus|sector_focus|themes|geo_focus|latest_fund_name|latest_fund_size_usd|latest_fund_announcement_date|underrepresented_founders_focus|evidence_urls|extraction_confidence,stage_focus|sector_focus|geo_focus|evidence_urls|extraction_confidence,0.943,,,8,false
27V (Twenty Seven Ventures),stage_focus|sector_focus|themes|geo_focus|latest_fund_name|latest_fund_size_usd|latest_fund_announcement_date|underrepresented_founders_focus|evidence_urls|extraction_confidence,extraction_confidence,0,,,0,true
2am VC,stage_focus|sector_focus|themes|geo_focus|latest_fund_name|latest_fund_size_usd|latest_fund_announcement_date|underrepresented_founders_focus|evidence_urls|extraction_confidence,stage_focus|sector_focus|geo_focus|evidence_urls|extraction_confidence,0.947,,,9,false
2B Angels,stage_focus|sector_focus|themes|geo_focus|latest_fund_name|latest_fund_size_usd|latest_fund_announcement_date|underrepresented_founders_focus|evidence_urls|extraction_confidence,stage_focus|geo_focus|latest_fund_size_usd|evidence_urls|extraction_confidence,0.953,,1000000,33,false
2B-Community,stage_focus|sector_focus|themes|geo_focus|latest_fund_name|latest_fund_size_usd|latest_fund_announcement_date|underrepresented_founders_focus|evidence_urls|extraction_confidence,stage_focus|sector_focus|geo_focus|latest_fund_size_usd|latest_fund_announcement_date|evidence_urls|extraction_confidence,0.948,,10000000,18,false
2C Invest,stage_focus|sector_focus|themes|geo_focus|latest_fund_name|latest_fund_size_usd|latest_fund_announcement_date|underrepresented_founders_focus|evidence_urls|extraction_confidence,extraction_confidence,0,,,0,true
2Flo Ventures,stage_focus|sector_focus|themes|geo_focus|latest_fund_name|latest_fund_size_usd|latest_fund_announcement_date|underrepresented_founders_focus|evidence_urls|extraction_confidence,stage_focus|sector_focus|geo_focus|latest_fund_size_usd|latest_fund_announcement_date|evidence_urls|extraction_confidence,0.944,,14000000,13,false
2M Companies,stage_focus|sector_focus|themes|geo_focus|latest_fund_name|latest_fund_size_usd|latest_fund_announcement_date|underrepresented_founders_focus|evidence_urls|extraction_confidence,extraction_confidence,0,,,0,true
2M2D - Tomorrow Today,stage_focus|sector_focus|themes|geo_focus|latest_fund_name|latest_fund_size_usd|latest_fund_announcement_date|underrepresented_founders_focus|evidence_urls|extraction_confidence,stage_focus|sector_focus|geo_focus|evidence_urls|extraction_confidence,0.947,,,3,false
2Pi Ventures,stage_focus|sector_focus|themes|geo_focus|latest_fund_name|latest_fund_size_usd|latest_fund_announcement_date|underrepresented_founders_focus|evidence_urls|extraction_confidence,stage_focus|sector_focus|geo_focus|evidence_urls|extraction_confidence,0.947,,,3,false
2xN,stage_focus|sector_focus|themes|geo_focus|latest_fund_name|latest_fund_size_usd|latest_fund_announcement_date|underrepresented_founders_focus|evidence_urls|extraction_confidence,stage_focus|sector_focus|geo_focus|evidence_urls|extraction_confidence,0.943,,,8,false
3 Points Rising Ventures,stage_focus|sector_focus|themes|geo_focus|latest_fund_name|latest_fund_size_usd|latest_fund_announcement_date|underrepresented_founders_focus|evidence_urls|extraction_confidence,stage_focus|sector_focus|geo_focus|latest_fund_announcement_date|evidence_urls|extraction_confidence,0.938,,,6,false
301 Ventures,stage_focus|sector_focus|themes|geo_focus|latest_fund_name|latest_fund_size_usd|latest_fund_announcement_date|underrepresented_founders_focus|evidence_urls|extraction_confidence,stage_focus|sector_focus|geo_focus|underrepresented_founders_focus|evidence_urls|extraction_confidence,0.946,,,55,false
305 Ventures,stage_focus|sector_focus|themes|geo_focus|latest_fund_name|latest_fund_size_usd|latest_fund_announcement_date|underrepresented_founders_focus|evidence_urls|extraction_confidence,stage_focus|sector_focus|geo_focus|latest_fund_size_usd|evidence_urls|extraction_confidence,0.95,,10000000000,4,false
30N Ventures,stage_focus|sector_focus|themes|geo_focus|latest_fund_name|latest_fund_size_usd|latest_fund_announcement_date|underrepresented_founders_focus|evidence_urls|extraction_confidence,stage_focus|sector_focus|geo_focus|latest_fund_announcement_date|evidence_urls|extraction_confidence,0.95,,,10,false
31ventures,stage_focus|sector_focus|themes|geo_focus|latest_fund_name|latest_fund_size_usd|latest_fund_announcement_date|underrepresented_founders_focus|evidence_urls|extraction_confidence,stage_focus|geo_focus|latest_fund_name|evidence_urls|extraction_confidence,0.947,Global Innovation Fund II,,3,false
33:Industry Ventures,stage_focus|sector_focus|themes|geo_focus|latest_fund_name|latest_fund_size_usd|latest_fund_announcement_date|underrepresented_founders_focus|evidence_urls|extraction_confidence,stage_focus|sector_focus|geo_focus|evidence_urls|extraction_confidence,0.943,,,4,false
33N Ventures,stage_focus|sector_focus|themes|geo_focus|latest_fund_name|latest_fund_size_usd|latest_fund_announcement_date|underrepresented_founders_focus|evidence_urls|extraction_confidence,stage_focus|sector_focus|geo_focus|evidence_urls|extraction_confidence,0.943,,,10,false
34 Elements Academy,stage_focus|sector_focus|themes|geo_focus|latest_fund_name|latest_fund_size_usd|latest_fund_announcement_date|underrepresented_founders_focus|evidence_urls|extraction_confidence,stage_focus|evidence_urls|extraction_confidence,0.96,,,1,false
35 North Ventures,stage_focus|sector_focus|themes|geo_focus|latest_fund_name|latest_fund_size_usd|latest_fund_announcement_date|underrepresented_founders_focus|evidence_urls|extraction_confidence,stage_focus|sector_focus|geo_focus|latest_fund_name|latest_fund_size_usd|latest_fund_announcement_date|evidence_urls|extraction_confidence,0.943,VENTURES PVT LTD SEBI REGISTERED ALTERNATIVE INVESTMENT FUND India Discovery Fund I,100000000,15,false
355 Capital,stage_focus|sector_focus|themes|geo_focus|latest_fund_name|latest_fund_size_usd|latest_fund_announcement_date|underrepresented_founders_focus|evidence_urls|extraction_confidence,extraction_confidence,0,,,0,true
357 Investment,stage_focus|sector_focus|themes|geo_focus|latest_fund_name|latest_fund_size_usd|latest_fund_announcement_date|underrepresented_founders_focus|evidence_urls|extraction_confidence,extraction_confidence,0,,,0,true
360 Capital,stage_focus|sector_focus|themes|geo_focus|latest_fund_name|underrepresented_founders_focus|evidence_urls|extraction_confidence,extraction_confidence,0,,,0,true
360 Capital Partners,stage_focus|sector_focus|themes|geo_focus|latest_fund_name|latest_fund_size_usd|latest_fund_announcement_date|underrepresented_founders_focus|evidence_urls|extraction_confidence,extraction_confidence,0,,,0,true
360 Venture Collective,stage_focus|sector_focus|themes|geo_focus|latest_fund_name|latest_fund_size_usd|latest_fund_announcement_date|underrepresented_founders_focus|evidence_urls|extraction_confidence,stage_focus|sector_focus|geo_focus|evidence_urls|extraction_confidence,0.943,,,4,false
365.fintech,stage_focus|sector_focus|themes|geo_focus|latest_fund_name|latest_fund_size_usd|latest_fund_announcement_date|underrepresented_founders_focus|evidence_urls|extraction_confidence,stage_focus|sector_focus|geo_focus|latest_fund_size_usd|latest_fund_announcement_date|evidence_urls|extraction_confidence,0.948,,2000000,11,false
39 North Capital,stage_focus|sector_focus|themes|geo_focus|latest_fund_name|latest_fund_size_usd|latest_fund_announcement_date|underrepresented_founders_focus|evidence_urls|extraction_confidence,stage_focus|sector_focus|geo_focus|latest_fund_size_usd|evidence_urls|extraction_confidence,0.95,,40000000000,9,false
3Adventures,stage_focus|sector_focus|themes|geo_focus|latest_fund_name|latest_fund_size_usd|latest_fund_announcement_date|underrepresented_founders_focus|evidence_urls|extraction_confidence,extraction_confidence,0,,,0,true
3B Future Health Ventures (Helsinn Investment Fund),stage_focus|sector_focus|themes|geo_focus|latest_fund_name|latest_fund_size_usd|latest_fund_announcement_date|underrepresented_founders_focus|evidence_urls|extraction_confidence,stage_focus|sector_focus|geo_focus|latest_fund_name|latest_fund_size_usd|evidence_urls|extraction_confidence,0.948,Future Health Fund II,12000000,15,false
3CC Third Culture Capital,stage_focus|sector_focus|themes|geo_focus|latest_fund_name|latest_fund_size_usd|latest_fund_announcement_date|underrepresented_founders_focus|evidence_urls|extraction_confidence,stage_focus|sector_focus|geo_focus|latest_fund_size_usd|evidence_urls|extraction_confidence,0.946,,250000,15,false
3cubed VC,stage_focus|sector_focus|themes|geo_focus|latest_fund_name|latest_fund_size_usd|latest_fund_announcement_date|underrepresented_founders_focus|evidence_urls|extraction_confidence,stage_focus|sector_focus|evidence_urls|extraction_confidence,0.95,,,18,false
3D Innotech,stage_focus|sector_focus|themes|geo_focus|latest_fund_name|latest_fund_size_usd|latest_fund_announcement_date|underrepresented_founders_focus|evidence_urls|extraction_confidence,stage_focus|sector_focus|geo_focus|latest_fund_announcement_date|evidence_urls|extraction_confidence,0.938,,,12,false
3E Bioventures,stage_focus|sector_focus|themes|geo_focus|latest_fund_name|latest_fund_size_usd|latest_fund_announcement_date|underrepresented_founders_focus|evidence_urls|extraction_confidence,extraction_confidence,0,,,0,true
3E Bioventures Capital,stage_focus|sector_focus|themes|geo_focus|latest_fund_name|latest_fund_size_usd|latest_fund_announcement_date|underrepresented_founders_focus|evidence_urls|extraction_confidence,sector_focus|geo_focus|evidence_urls|extraction_confidence,0.94,,,2,false
3G Capital Investments,stage_focus|sector_focus|themes|geo_focus|latest_fund_name|latest_fund_size_usd|latest_fund_announcement_date|underrepresented_founders_focus|evidence_urls|extraction_confidence,stage_focus|sector_focus|geo_focus|evidence_urls|extraction_confidence,0.947,,,3,false
3ig Ventures,stage_focus|sector_focus|themes|geo_focus|latest_fund_name|latest_fund_size_usd|latest_fund_announcement_date|underrepresented_founders_focus|evidence_urls|extraction_confidence,extraction_confidence,0,,,0,true
3L Capital,stage_focus|sector_focus|themes|geo_focus|latest_fund_name|latest_fund_size_usd|latest_fund_announcement_date|underrepresented_founders_focus|evidence_urls|extraction_confidence,stage_focus|evidence_urls|extraction_confidence,0.96,,,1,false
3Lines,stage_focus|sector_focus|themes|geo_focus|latest_fund_name|latest_fund_size_usd|latest_fund_announcement_date|underrepresented_founders_focus|evidence_urls|extraction_confidence,stage_focus|sector_focus|geo_focus|latest_fund_name|latest_fund_size_usd|evidence_urls|extraction_confidence,0.945,3Lines Leaders III,1000000000,6,false
3one4 Capital,stage_focus|sector_focus|themes|geo_focus|latest_fund_name|latest_fund_size_usd|latest_fund_announcement_date|underrepresented_founders_focus|evidence_urls|extraction_confidence,stage_focus|sector_focus|geo_focus|latest_fund_name|latest_fund_size_usd|latest_fund_announcement_date|evidence_urls|extraction_confidence,0.941,Capital Fund III,570000000,17,false
3Rodeo,stage_focus|sector_focus|themes|geo_focus|latest_fund_name|latest_fund_size_usd|latest_fund_announcement_date|underrepresented_founders_focus|evidence_urls|extraction_confidence,sector_focus|evidence_urls|extraction_confidence,0.94,,,1,false
3sv collective,stage_focus|sector_focus|themes|geo_focus|latest_fund_name|latest_fund_size_usd|latest_fund_announcement_date|underrepresented_founders_focus|evidence_urls|extraction_confidence,geo_focus|evidence_urls|extraction_confidence,0.94,,,11,false
3T Capital,stage_focus|sector_focus|themes|geo_focus|latest_fund_name|latest_fund_size_usd|latest_fund_announcement_date|underrepresented_founders_focus|evidence_urls|extraction_confidence,extraction_confidence,0,,,0,true
3TS Capital Partners,stage_focus|sector_focus|themes|geo_focus|latest_fund_name|latest_fund_size_usd|latest_fund_announcement_date|underrepresented_founders_focus|evidence_urls|extraction_confidence,stage_focus|geo_focus|evidence_urls|extraction_confidence,0.95,,,3,false
3VC,stage_focus|sector_focus|themes|geo_focus|latest_fund_name|latest_fund_size_usd|latest_fund_announcement_date|underrepresented_founders_focus|evidence_urls|extraction_confidence,stage_focus|sector_focus|geo_focus|latest_fund_size_usd|latest_fund_announcement_date|evidence_urls|extraction_confidence,0.948,,54000000,24,false
404Fund,stage_focus|sector_focus|themes|geo_focus|latest_fund_name|latest_fund_size_usd|latest_fund_announcement_date|underrepresented_founders_focus|evidence_urls|extraction_confidence,extraction_confidence,0,,,0,true
415 Capital,stage_focus|sector_focus|themes|geo_focus|latest_fund_name|latest_fund_size_usd|latest_fund_announcement_date|underrepresented_founders_focus|evidence_urls|extraction_confidence,stage_focus|sector_focus|geo_focus|latest_fund_size_usd|evidence_urls|extraction_confidence,0.938,,3700000000,15,false
42CAP,stage_focus|sector_focus|themes|geo_focus|latest_fund_name|latest_fund_size_usd|latest_fund_announcement_date|underrepresented_founders_focus|evidence_urls|extraction_confidence,stage_focus|sector_focus|geo_focus|evidence_urls|extraction_confidence,0.942,,,6,false
42K Investimentos,stage_focus|sector_focus|themes|geo_focus|latest_fund_name|latest_fund_size_usd|latest_fund_announcement_date|underrepresented_founders_focus|evidence_urls|extraction_confidence,extraction_confidence,0,,,0,true
42N Advisors,stage_focus|sector_focus|themes|geo_focus|latest_fund_name|latest_fund_size_usd|latest_fund_announcement_date|underrepresented_founders_focus|evidence_urls|extraction_confidence,sector_focus|geo_focus|latest_fund_size_usd|evidence_urls|extraction_confidence,0.942,,8000000,8,false
42Phi Ventures,stage_focus|sector_focus|themes|geo_focus|latest_fund_name|latest_fund_size_usd|latest_fund_announcement_date|underrepresented_founders_focus|evidence_urls|extraction_confidence,stage_focus|sector_focus|geo_focus|latest_fund_size_usd|latest_fund_announcement_date|evidence_urls|extraction_confidence,0.944,,50000000000,6,false
43,stage_focus|sector_focus|themes|geo_focus|latest_fund_name|latest_fund_size_usd|latest_fund_announcement_date|underrepresented_founders_focus|evidence_urls|extraction_confidence,extraction_confidence,0,,,0,true
43North,stage_focus|sector_focus|themes|geo_focus|latest_fund_name|latest_fund_size_usd|latest_fund_announcement_date|underrepresented_founders_focus|evidence_urls|extraction_confidence,stage_focus|sector_focus|geo_focus|latest_fund_size_usd|latest_fund_announcement_date|underrepresented_founders_focus|evidence_urls|extraction_confidence,0.939,,1000000,18,false
44 Capital Management,stage_focus|sector_focus|themes|geo_focus|latest_fund_name|latest_fund_size_usd|latest_fund_announcement_date|underrepresented_founders_focus|evidence_urls|extraction_confidence,extraction_confidence,0,,,0,true
44 Ventures,stage_focus|sector_focus|themes|geo_focus|latest_fund_name|latest_fund_size_usd|latest_fund_announcement_date|underrepresented_founders_focus|evidence_urls|extraction_confidence,extraction_confidence,0,,,0,true
4490 Ventures,stage_focus|sector_focus|themes|geo_focus|latest_fund_name|latest_fund_size_usd|latest_fund_announcement_date|underrepresented_founders_focus|evidence_urls|extraction_confidence,extraction_confidence,0,,,0,true
468 Capital,stage_focus|sector_focus|themes|geo_focus|latest_fund_name|underrepresented_founders_focus|evidence_urls|extraction_confidence,stage_focus|sector_focus|geo_focus|evidence_urls|extraction_confidence,0.946,,,11,false
47 Ventures,stage_focus|sector_focus|themes|geo_focus|latest_fund_name|underrepresented_founders_focus|evidence_urls|extraction_confidence,extraction_confidence,0,,,0,true
4BIO Capital,stage_focus|sector_focus|themes|geo_focus|latest_fund_name|latest_fund_size_usd|latest_fund_announcement_date|underrepresented_founders_focus|evidence_urls|extraction_confidence,stage_focus|sector_focus|geo_focus|latest_fund_size_usd|latest_fund_announcement_date|evidence_urls|extraction_confidence,0.936,,150000000,13,false
4D Capital,stage_focus|sector_focus|themes|geo_focus|latest_fund_name|latest_fund_size_usd|latest_fund_announcement_date|underrepresented_founders_focus|evidence_urls|extraction_confidence,extraction_confidence,0,,,0,true
4F Ventures,stage_focus|sector_focus|themes|geo_focus|latest_fund_name|latest_fund_size_usd|latest_fund_announcement_date|underrepresented_founders_focus|evidence_urls|extraction_confidence,extraction_confidence,0,,,0,true
4Founders Capital,stage_focus|sector_focus|themes|geo_focus|latest_fund_name|underrepresented_founders_focus|evidence_urls|extraction_confidence,stage_focus|sector_focus|geo_focus|evidence_urls|extraction_confidence,0.946,,200000000,5,false
4impact,stage_focus|sector_focus|themes|geo_focus|latest_fund_name|latest_fund_size_usd|latest_fund_announcement_date|underrepresented_founders_focus|evidence_urls|extraction_confidence,stage_focus|sector_focus|geo_focus|latest_fund_name|latest_fund_size_usd|latest_fund_announcement_date|evidence_urls|extraction_confidence,0.939,4impact Fund II,3300000,27,false
4See Ventures,stage_focus|sector_focus|themes|geo_focus|latest_fund_name|latest_fund_size_usd|latest_fund_announcement_date|underrepresented_founders_focus|evidence_urls|extraction_confidence,stage_focus|sector_focus|geo_focus|latest_fund_name|latest_fund_size_usd|latest_fund_announcement_date|evidence_urls|extraction_confidence,0.933,Longwood Healthcare Leaders 16,65000000,13,false
4SV,stage_focus|sector_focus|themes|geo_focus|latest_fund_name|latest_fund_size_usd|latest_fund_announcement_date|underrepresented_founders_focus|evidence_urls|extraction_confidence,stage_focus|sector_focus|geo_focus|evidence_urls|extraction_confidence,0.943,,,26,false
4Tech Capital Ventures,stage_focus|sector_focus|themes|geo_focus|latest_fund_name|latest_fund_size_usd|latest_fund_announcement_date|underrepresented_founders_focus|evidence_urls|extraction_confidence,extraction_confidence,0,,,0,true
4Ward VC,stage_focus|sector_focus|themes|geo_focus|latest_fund_name|latest_fund_size_usd|latest_fund_announcement_date|underrepresented_founders_focus|evidence_urls|extraction_confidence,extraction_confidence,0,,,0,true
5 Square,stage_focus|sector_focus|themes|geo_focus|latest_fund_name|latest_fund_size_usd|latest_fund_announcement_date|underrepresented_founders_focus|evidence_urls|extraction_confidence,extraction_confidence,0,,,0,true
5 Star Capital,stage_focus|sector_focus|themes|geo_focus|latest_fund_name|latest_fund_size_usd|latest_fund_announcement_date|underrepresented_founders_focus|evidence_urls|extraction_confidence,sector_focus|geo_focus|evidence_urls|extraction_confidence,0.937,,,9,false
50 Partners,stage_focus|sector_focus|themes|geo_focus|latest_fund_name|latest_fund_size_usd|latest_fund_announcement_date|underrepresented_founders_focus|evidence_urls|extraction_confidence,sector_focus|geo_focus|latest_fund_name|evidence_urls|extraction_confidence,0.94,Startups Fund 3,,3,false
50 Partners Capital,stage_focus|sector_focus|themes|geo_focus|latest_fund_name|latest_fund_size_usd|latest_fund_announcement_date|underrepresented_founders_focus|evidence_urls|extraction_confidence,sector_focus|evidence_urls|extraction_confidence,0.94,,,1,false
50 Partners Impact,stage_focus|sector_focus|themes|geo_focus|latest_fund_name|latest_fund_size_usd|latest_fund_announcement_date|underrepresented_founders_focus|evidence_urls|extraction_confidence,sector_focus|evidence_urls|extraction_confidence,0.94,,,1,false
50 South Capital,stage_focus|sector_focus|themes|geo_focus|latest_fund_name|latest_fund_size_usd|latest_fund_announcement_date|underrepresented_founders_focus|evidence_urls|extraction_confidence,geo_focus|latest_fund_name|latest_fund_announcement_date|evidence_urls|extraction_confidence,0.947,Solutions Hedge Funds Team Quick Links Firm Community Media Room Contact Career Opportunities 312,,3,false
50 Years,stage_focus|sector_focus|themes|geo_focus|latest_fund_name|latest_fund_size_usd|latest_fund_announcement_date|underrepresented_founders_focus|evidence_urls|extraction_confidence,extraction_confidence,0,,,0,true
500 Emerging Europe,stage_focus|sector_focus|themes|geo_focus|latest_fund_name|latest_fund_size_usd|latest_fund_announcement_date|underrepresented_founders_focus|evidence_urls|extraction_confidence,stage_focus|sector_focus|geo_focus|latest_fund_name|latest_fund_size_usd|evidence_urls|extraction_confidence,0.945,BUILT SPECIFICALLY FOR BUSINESS AUTOMATION Current United States Fund 2,200000000,10,false
500 Falcons,stage_focus|sector_focus|themes|geo_focus|latest_fund_name|latest_fund_size_usd|latest_fund_announcement_date|underrepresented_founders_focus|evidence_urls|extraction_confidence,stage_focus|sector_focus|geo_focus|latest_fund_size_usd|evidence_urls|extraction_confidence,0.95,,100000000,19,false
500 Fintech,stage_focus|sector_focus|themes|geo_focus|latest_fund_name|latest_fund_size_usd|latest_fund_announcement_date|underrepresented_founders_focus|evidence_urls|extraction_confidence,extraction_confidence,0,,,0,true
500 Global,stage_focus|sector_focus|themes|geo_focus|latest_fund_name|latest_fund_size_usd|latest_fund_announcement_date|underrepresented_founders_focus|evidence_urls|extraction_confidence,stage_focus|sector_focus|geo_focus|latest_fund_size_usd|evidence_urls|extraction_confidence,0.95,,2300000000,22,false
500 Istanbul,stage_focus|sector_focus|themes|geo_focus|latest_fund_name|latest_fund_size_usd|latest_fund_announcement_date|underrepresented_founders_focus|evidence_urls|extraction_confidence,extraction_confidence,0,,,0,true
500 Startups,stage_focus|sector_focus|themes|geo_focus|latest_fund_name|latest_fund_size_usd|latest_fund_announcement_date|underrepresented_founders_focus|evidence_urls|extraction_confidence,sector_focus|geo_focus|evidence_urls|extraction_confidence,0.937,,,9,false
500 Startups Japan,stage_focus|sector_focus|themes|geo_focus|latest_fund_name|latest_fund_size_usd|latest_fund_announcement_date|underrepresented_founders_focus|evidence_urls|extraction_confidence,extraction_confidence,0,,,0,true
500 Startups Korea,stage_focus|sector_focus|themes|geo_focus|latest_fund_name|latest_fund_size_usd|latest_fund_announcement_date|underrepresented_founders_focus|evidence_urls|extraction_confidence,stage_focus|sector_focus|geo_focus|latest_fund_size_usd|evidence_urls|extraction_confidence,0.95,,2300000000,24,false
500 Startups Latam,stage_focus|sector_focus|themes|geo_focus|latest_fund_name|latest_fund_size_usd|latest_fund_announcement_date|underrepresented_founders_focus|evidence_urls|extraction_confidence,sector_focus|geo_focus|evidence_urls|extraction_confidence,0.937,,,9,false
500 Startups Vietname,stage_focus|sector_focus|themes|geo_focus|latest_fund_name|latest_fund_size_usd|latest_fund_announcement_date|underrepresented_founders_focus|evidence_urls|extraction_confidence,extraction_confidence,0,,,0,true
519 Growth Fund,stage_focus|sector_focus|themes|geo_focus|latest_fund_name|underrepresented_founders_focus|evidence_urls|extraction_confidence,extraction_confidence,0,,,0,true
53 Station,stage_focus|sector_focus|themes|geo_focus|latest_fund_name|latest_fund_size_usd|latest_fund_announcement_date|underrepresented_founders_focus|evidence_urls|extraction_confidence,stage_focus|sector_focus|geo_focus|latest_fund_size_usd|latest_fund_announcement_date|evidence_urls|extraction_confidence,0.948,,30000000000,12,false
53 Stations,stage_focus|sector_focus|themes|geo_focus|latest_fund_name|latest_fund_size_usd|latest_fund_announcement_date|underrepresented_founders_focus|evidence_urls|extraction_confidence,stage_focus|sector_focus|geo_focus|latest_fund_size_usd|latest_fund_announcement_date|evidence_urls|extraction_confidence,0.948,,30000000000,8,false
54 Collective,stage_focus|sector_focus|themes|geo_focus|latest_fund_name|latest_fund_size_usd|latest_fund_announcement_date|underrepresented_founders_focus|evidence_urls|extraction_confidence,extraction_confidence,0,,,0,true
55 Catalyst Capital,stage_focus|sector_focus|themes|geo_focus|latest_fund_name|latest_fund_size_usd|latest_fund_announcement_date|underrepresented_founders_focus|evidence_urls|extraction_confidence,extraction_confidence,0,,,0,true
