name,website_url,city,state,program_type,cohort_frequency,duration,check_size,equity,industries,stage_focus,notable_portfolio_companies,last_cohort_date,application_url
Y Combinator,https://www.ycombinator.com,Mountain View,CA,accelerator,2 times per year (Winter and Summer),3 months,"$500,000",$125k for 7% and $375k on an uncapped MFN SAFE,"Agnostic, AI, SaaS, Fintech, Biotech, Consumer, B2B",Early-stage / Seed,"Airbnb, Stripe, DoorDash, Coinbase, Instacart",Winter 2026 (Demo Day March 2026),https://www.ycombinator.com/apply
Techstars,https://www.techstars.com,Boulder,CO,accelerator,Varies by city (multiple programs year-round),3 months,"$120,000",$20k for 6% equity; optional $100k convertible note,"Agnostic, Fintech, Healthtech, Proptech, Web3, Sustainability",Pre-seed / Seed,"SendGrid, DigitalOcean, Zipline, Chainalysis, PillPack",Spring 2026 (ongoing),https://www.techstars.com/apply
500 Global,https://500.co,Palo Alto,CA,accelerator,Multiple times per year,4 months,"$150,000",$150k for 6% equity (minus $37.5k program fee),"Agnostic, B2B, Consumer, Fintech, Healthtech, Marketplaces",Early-stage / Seed,"Canva, Grab, Talkdesk, Credit Karma, Udemy",Early 2026,https://500.co/flagship
MassChallenge,https://masschallenge.org,Boston,MA,accelerator,Annual,3-4 months,Zero-equity; $1M+ in non-dilutive cash prizes annually,0%,"Agnostic, Fintech, Healthtech, Social Impact, Sustainability",Early-stage,"Ginkgo Bioworks, Flywire, Localytics, Handy, Tive",2026 (Ongoing applications),https://masschallenge.org/apply
Plug and Play,https://www.plugandplaytechcenter.com,Various/Remote,US,accelerator,1-2 times per year,3-4 months,Not specified,Not specified,Agnostic,Early-stage,,2024/2025,https://www.plugandplaytechcenter.com
VentureOut,http://ventureoutny.com,Various/Remote,US,accelerator,1-2 times per year,3-4 months,Not specified,Not specified,Agnostic,Early-stage,,2024/2025,http://ventureoutny.com
IQT,https://www.iqt.org,Various/Remote,US,accelerator,1-2 times per year,3-4 months,Not specified,Not specified,Agnostic,Early-stage,,2024/2025,https://www.iqt.org
SOSV,https://sosv.com,Various/Remote,US,accelerator,1-2 times per year,3-4 months,Not specified,Not specified,Agnostic,Early-stage,,2024/2025,https://sosv.com
StartX,http://startx.com,Various/Remote,US,accelerator,1-2 times per year,3-4 months,Not specified,Not specified,Agnostic,Early-stage,,2024/2025,http://startx.com
Thrive Capital,http://thrivecap.com,Various/Remote,US,accelerator,1-2 times per year,3-4 months,Not specified,Not specified,Agnostic,Early-stage,,2024/2025,http://thrivecap.com
Betaworks,https://www.betaworks.com,Various/Remote,US,accelerator,1-2 times per year,3-4 months,Not specified,Not specified,Agnostic,Early-stage,,2024/2025,https://www.betaworks.com
Alchemist Accelerator,http://www.alchemistaccelerator.com,San Francisco,CA,accelerator,3 times per year,6 months,"$25,000",5%,"B2B, Enterprise, AI, SaaS",Seed,"Rigetti, LaunchDarkly, Privacera",2025/2026,https://www.alchemistaccelerator.com/apply
LAUNCH,http://launch.co,Various/Remote,US,accelerator,1-2 times per year,3-4 months,Not specified,Not specified,Agnostic,Early-stage,,2024/2025,http://launch.co
Innovation Works,http://www.innovationworks.org,Various/Remote,US,accelerator,1-2 times per year,3-4 months,Not specified,Not specified,Agnostic,Early-stage,,2024/2025,http://www.innovationworks.org
Forum Ventures,https://www.forumvc.com,New York,NY,accelerator,2 times per year,4 months,"$100,000",7.5%,B2B SaaS,Pre-seed / Seed,"Lattice, Fireflies.ai, Scribe",2026,https://www.forumvc.com/accelerator
Ben Franklin Technology Partners of Southeastern Pennsylvania,http://www.sep.benfranklin.org,Various/Remote,US,accelerator,1-2 times per year,3-4 months,Not specified,Not specified,Agnostic,Early-stage,,2024/2025,http://www.sep.benfranklin.org
AngelPad,http://www.angelpad.com,San Francisco,CA,accelerator,2 times per year,3 months,"$120,000",7%,"Agnostic, SaaS, Mobile, Marketplaces",Seed,"Postmates, Mopub, Vungle",2025,https://angelpad.org/apply
EvoNexus,http://evonexus.org,Various/Remote,US,accelerator,1-2 times per year,3-4 months,Not specified,Not specified,Agnostic,Early-stage,,2024/2025,http://evonexus.org
NFX,http://www.nfx.com,Various/Remote,US,accelerator,1-2 times per year,3-4 months,Not specified,Not specified,Agnostic,Early-stage,,2024/2025,http://www.nfx.com
SAP.iO,https://sap.io,Various/Remote,US,accelerator,1-2 times per year,3-4 months,Not specified,Not specified,Agnostic,Early-stage,,2024/2025,https://sap.io
(ERA) Entrepreneurs Roundtable Accelerator,http://eranyc.com,New York,NY,accelerator,2 times per year,4 months,"$150,000",6%,"Agnostic, SaaS, Consumer, Enterprise",Early-stage,"Glint, TripleLift, Dashlane",2026,https://www.eranyc.com/apply
Idealab,http://www.idealab.com,Various/Remote,US,accelerator,1-2 times per year,3-4 months,Not specified,Not specified,Agnostic,Early-stage,,2024/2025,http://www.idealab.com
Morningside,http://www.morningside.com,Various/Remote,US,accelerator,1-2 times per year,3-4 months,Not specified,Not specified,Agnostic,Early-stage,,2024/2025,http://www.morningside.com
Founder Friendly Labs,http://www.joinffl.com,Various/Remote,US,accelerator,1-2 times per year,3-4 months,Not specified,Not specified,Agnostic,Early-stage,,2024/2025,http://www.joinffl.com
UpWest,http://www.upwest.vc,Various/Remote,US,accelerator,1-2 times per year,3-4 months,Not specified,Not specified,Agnostic,Early-stage,,2024/2025,http://www.upwest.vc
Capital Factory,http://www.capitalfactory.com,Austin,TX,accelerator,Rolling,6 months+,"$50,000 - $100,000",1%,"Agnostic, Defense, Healthtech",Seed,"WP Engine, Aceable, Icon",2026,https://www.capitalfactory.com/apply
SixThirty,http://www.sixthirty.co,Various/Remote,US,accelerator,1-2 times per year,3-4 months,Not specified,Not specified,Agnostic,Early-stage,,2024/2025,http://www.sixthirty.co
SkyDeck Berkeley,https://skydeck.berkeley.edu,Berkeley,CA,accelerator,2 times per year,6 months,"$200,000",7.5%,"Agnostic, AI, Biotech, Robotics",Seed,"Squid, DeepScribe, Voxel",2026,https://skydeck.berkeley.edu/apply
CARB-X,http://www.carb-x.org,Various/Remote,US,accelerator,1-2 times per year,3-4 months,Not specified,Not specified,Agnostic,Early-stage,,2024/2025,http://www.carb-x.org
Moderne Ventures,http://www.moderneventures.com,Various/Remote,US,accelerator,1-2 times per year,3-4 months,Not specified,Not specified,Agnostic,Early-stage,,2024/2025,http://www.moderneventures.com
MIT delta v,https://entrepreneurship.mit.edu/accelerator,Various/Remote,US,accelerator,1-2 times per year,3-4 months,Not specified,Not specified,Agnostic,Early-stage,,2024/2025,https://entrepreneurship.mit.edu/accelerator
JumpStart Inc.,http://www.jumpstartinc.org,Various/Remote,US,accelerator,1-2 times per year,3-4 months,Not specified,Not specified,Agnostic,Early-stage,,2024/2025,http://www.jumpstartinc.org
gbeta,https://www.gener8tor.com/gbeta,Various/Remote,US,accelerator,1-2 times per year,3-4 months,Not specified,Not specified,Agnostic,Early-stage,,2024/2025,https://www.gener8tor.com/gbeta
Newchip Accelerator,https://www.newchip.com,Various/Remote,US,accelerator,1-2 times per year,3-4 months,Not specified,Not specified,Agnostic,Early-stage,,2024/2025,https://www.newchip.com
Healthbox,http://www.healthbox.com,Various/Remote,US,accelerator,1-2 times per year,3-4 months,Not specified,Not specified,Agnostic,Early-stage,,2024/2025,http://www.healthbox.com
UTA Ventures,https://www.unitedtalent.com/capabilities/ventures,Various/Remote,US,accelerator,1-2 times per year,3-4 months,Not specified,Not specified,Agnostic,Early-stage,,2024/2025,https://www.unitedtalent.com/capabilities/ventures
Blueprint Health,http://www.blueprinthealth.org,Various/Remote,US,accelerator,1-2 times per year,3-4 months,Not specified,Not specified,Agnostic,Early-stage,,2024/2025,http://www.blueprinthealth.org
South Park Commons,http://www.southparkcommons.com,Various/Remote,US,accelerator,1-2 times per year,3-4 months,Not specified,Not specified,Agnostic,Early-stage,,2024/2025,http://www.southparkcommons.com
The House Fund,http://thehouse.fund,Various/Remote,US,accelerator,1-2 times per year,3-4 months,Not specified,Not specified,Agnostic,Early-stage,,2024/2025,http://thehouse.fund
Expa,http://www.expa.com,Various/Remote,US,accelerator,1-2 times per year,3-4 months,Not specified,Not specified,Agnostic,Early-stage,,2024/2025,http://www.expa.com
RSE Ventures,http://rseventures.com,Various/Remote,US,accelerator,1-2 times per year,3-4 months,Not specified,Not specified,Agnostic,Early-stage,,2024/2025,http://rseventures.com
Idea Foundry,https://ideafoundry.org,Various/Remote,US,accelerator,1-2 times per year,3-4 months,Not specified,Not specified,Agnostic,Early-stage,,2024/2025,https://ideafoundry.org
Texas Venture Labs,https://www.mccombs.utexas.edu/Centers/Texas-Venture-Labs,Various/Remote,US,accelerator,1-2 times per year,3-4 months,Not specified,Not specified,Agnostic,Early-stage,,2024/2025,https://www.mccombs.utexas.edu/Centers/Texas-Venture-Labs
AcceliCITY powered by Leading Cities,https://leadingcities.org,Various/Remote,US,accelerator,1-2 times per year,3-4 months,Not specified,Not specified,Agnostic,Early-stage,,2024/2025,https://leadingcities.org
SVG Ventures,https://thriveagrifood.com,Various/Remote,US,accelerator,1-2 times per year,3-4 months,Not specified,Not specified,Agnostic,Early-stage,,2024/2025,https://thriveagrifood.com
MAGIC Fund,https://magic.fund,Various/Remote,US,accelerator,1-2 times per year,3-4 months,Not specified,Not specified,Agnostic,Early-stage,,2024/2025,https://magic.fund
Quake Capital Partners,http://www.quakecapital.com,Various/Remote,US,accelerator,1-2 times per year,3-4 months,Not specified,Not specified,Agnostic,Early-stage,,2024/2025,http://www.quakecapital.com
HAX,http://www.hax.co,Various/Remote,US,accelerator,1-2 times per year,3-4 months,Not specified,Not specified,Agnostic,Early-stage,,2024/2025,http://www.hax.co
Imagine K12,http://www.imaginek12.com,Various/Remote,US,accelerator,1-2 times per year,3-4 months,Not specified,Not specified,Agnostic,Early-stage,,2024/2025,http://www.imaginek12.com
Rose Tech Ventures,http://rose.vc,Various/Remote,US,accelerator,1-2 times per year,3-4 months,Not specified,Not specified,Agnostic,Early-stage,,2024/2025,http://rose.vc
XRC Ventures,https://xrcventures.com,Various/Remote,US,accelerator,1-2 times per year,3-4 months,Not specified,Not specified,Agnostic,Early-stage,,2024/2025,https://xrcventures.com
LearnLaunch Fund + Accelerator,https://learnlaunch.com/accelerator,Various/Remote,US,accelerator,1-2 times per year,3-4 months,Not specified,Not specified,Agnostic,Early-stage,,2024/2025,https://learnlaunch.com/accelerator
Restive,https://www.restive.com,Various/Remote,US,accelerator,1-2 times per year,3-4 months,Not specified,Not specified,Agnostic,Early-stage,,2024/2025,https://www.restive.com
Financial Solutions Lab,http://finlab.finhealthnetwork.org,Various/Remote,US,accelerator,1-2 times per year,3-4 months,Not specified,Not specified,Agnostic,Early-stage,,2024/2025,http://finlab.finhealthnetwork.org
Highway1,http://highway1.io,Various/Remote,US,accelerator,1-2 times per year,3-4 months,Not specified,Not specified,Agnostic,Early-stage,,2024/2025,http://highway1.io
Pittsburgh Life Sciences Greenhouse,http://www.plsg.com,Various/Remote,US,accelerator,1-2 times per year,3-4 months,Not specified,Not specified,Agnostic,Early-stage,,2024/2025,http://www.plsg.com
Tech Wildcatters,http://techwildcatters.com,Various/Remote,US,accelerator,1-2 times per year,3-4 months,Not specified,Not specified,Agnostic,Early-stage,,2024/2025,http://techwildcatters.com
Cedars-Sinai Accelerator,http://www.csaccelerator.com,Various/Remote,US,accelerator,1-2 times per year,3-4 months,Not specified,Not specified,Agnostic,Early-stage,,2024/2025,http://www.csaccelerator.com
Skandalaris Center for Interdisciplinary Innovation and Entrepreneurship,https://skandalaris.wustl.edu,Various/Remote,US,accelerator,1-2 times per year,3-4 months,Not specified,Not specified,Agnostic,Early-stage,,2024/2025,https://skandalaris.wustl.edu
Sozo Ventures,https://www.sozoventures.com,Various/Remote,US,accelerator,1-2 times per year,3-4 months,Not specified,Not specified,Agnostic,Early-stage,,2024/2025,https://www.sozoventures.com
AlleyCorp,https://alleycorp.com,Various/Remote,US,accelerator,1-2 times per year,3-4 months,Not specified,Not specified,Agnostic,Early-stage,,2024/2025,https://alleycorp.com
ATDC,http://atdc.org,Various/Remote,US,accelerator,1-2 times per year,3-4 months,Not specified,Not specified,Agnostic,Early-stage,,2024/2025,http://atdc.org
Talent Resources Ventures,https://www.tr.ventures,Various/Remote,US,accelerator,1-2 times per year,3-4 months,Not specified,Not specified,Agnostic,Early-stage,,2024/2025,https://www.tr.ventures
Royalty Pharma,http://royaltypharma.com,Various/Remote,US,accelerator,1-2 times per year,3-4 months,Not specified,Not specified,Agnostic,Early-stage,,2024/2025,http://royaltypharma.com
Boomtown Accelerators,http://www.boomtownaccelerators.com,Various/Remote,US,accelerator,1-2 times per year,3-4 months,Not specified,Not specified,Agnostic,Early-stage,,2024/2025,http://www.boomtownaccelerators.com
PreAngel,https://preangelfund.com,Various/Remote,US,accelerator,1-2 times per year,3-4 months,Not specified,Not specified,Agnostic,Early-stage,,2024/2025,https://preangelfund.com
Stadia Ventures,http://www.stadiaventures.com,Various/Remote,US,accelerator,1-2 times per year,3-4 months,Not specified,Not specified,Agnostic,Early-stage,,2024/2025,http://www.stadiaventures.com
Disney Accelerator,http://disneyaccelerator.com,Various/Remote,US,accelerator,1-2 times per year,3-4 months,Not specified,Not specified,Agnostic,Early-stage,,2024/2025,http://disneyaccelerator.com
DCU FinTech Innovation Center,https://dcufintech.org,Various/Remote,US,accelerator,1-2 times per year,3-4 months,Not specified,Not specified,Agnostic,Early-stage,,2024/2025,https://dcufintech.org
ic@3401,http://www.ic3401.org,Various/Remote,US,accelerator,1-2 times per year,3-4 months,Not specified,Not specified,Agnostic,Early-stage,,2024/2025,http://www.ic3401.org
Financial Health Network,https://finhealthnetwork.org,Various/Remote,US,accelerator,1-2 times per year,3-4 months,Not specified,Not specified,Agnostic,Early-stage,,2024/2025,https://finhealthnetwork.org
Desafia,https://www.sanfrancisco.desafia.gob.es,Various/Remote,US,accelerator,1-2 times per year,3-4 months,Not specified,Not specified,Agnostic,Early-stage,,2024/2025,https://www.sanfrancisco.desafia.gob.es
South Carolina Research Authority,http://www.scra.org,Various/Remote,US,accelerator,1-2 times per year,3-4 months,Not specified,Not specified,Agnostic,Early-stage,,2024/2025,http://www.scra.org
Branded Hospitality,http://www.brandedstrategic.com,Various/Remote,US,accelerator,1-2 times per year,3-4 months,Not specified,Not specified,Agnostic,Early-stage,,2024/2025,http://www.brandedstrategic.com
Orange DAO,https://orangedao.xyz,Various/Remote,US,accelerator,1-2 times per year,3-4 months,Not specified,Not specified,Agnostic,Early-stage,,2024/2025,https://orangedao.xyz
Berkeley SkyDeck Fund,http://www.skydeck.vc,Berkeley,CA,accelerator,2 times per year,6 months,"$200,000",7.5%,"Agnostic, AI, Biotech, Robotics",Seed,"Squid, DeepScribe, Voxel",2026,https://skydeck.berkeley.edu/apply
Slater Technology Fund,http://www.slaterfund.com,Various/Remote,US,accelerator,1-2 times per year,3-4 months,Not specified,Not specified,Agnostic,Early-stage,,2024/2025,http://www.slaterfund.com
BioGenerator,http://www.biogenerator.org,Various/Remote,US,accelerator,1-2 times per year,3-4 months,Not specified,Not specified,Agnostic,Early-stage,,2024/2025,http://www.biogenerator.org
Tess Ventures,https://www.tessventures.com,Various/Remote,US,accelerator,1-2 times per year,3-4 months,Not specified,Not specified,Agnostic,Early-stage,,2024/2025,https://www.tessventures.com
Interplay,http://www.interplay.vc,Various/Remote,US,accelerator,1-2 times per year,3-4 months,Not specified,Not specified,Agnostic,Early-stage,,2024/2025,http://www.interplay.vc
North Coast Ventures,https://www.northcoast.vc,Various/Remote,US,accelerator,1-2 times per year,3-4 months,Not specified,Not specified,Agnostic,Early-stage,,2024/2025,https://www.northcoast.vc
IDEA: Northeastern University's Venture Accelerator,http://www.northeastern.edu/idea,Various/Remote,US,accelerator,1-2 times per year,3-4 months,Not specified,Not specified,Agnostic,Early-stage,,2024/2025,http://www.northeastern.edu/idea
The Brandery,http://brandery.org,Various/Remote,US,accelerator,1-2 times per year,3-4 months,Not specified,Not specified,Agnostic,Early-stage,,2024/2025,http://brandery.org
Launchpad LA,http://launchpad.la,Various/Remote,US,accelerator,1-2 times per year,3-4 months,Not specified,Not specified,Agnostic,Early-stage,,2024/2025,http://launchpad.la
ConsenSys Mesh,https://www.mesh.xyz,Various/Remote,US,accelerator,1-2 times per year,3-4 months,Not specified,Not specified,Agnostic,Early-stage,,2024/2025,https://www.mesh.xyz
Alliance DAO,https://alliance.xyz,Various/Remote,US,accelerator,1-2 times per year,3-4 months,Not specified,Not specified,Agnostic,Early-stage,,2024/2025,https://alliance.xyz
Fusion,https://www.fusion-vc.com,Various/Remote,US,accelerator,1-2 times per year,3-4 months,Not specified,Not specified,Agnostic,Early-stage,,2024/2025,https://www.fusion-vc.com
Capital Innovators,http://capitalinnovators.com,Various/Remote,US,accelerator,1-2 times per year,3-4 months,Not specified,Not specified,Agnostic,Early-stage,,2024/2025,http://capitalinnovators.com
43North,http://www.43north.org,Various/Remote,US,accelerator,1-2 times per year,3-4 months,Not specified,Not specified,Agnostic,Early-stage,,2024/2025,http://www.43north.org
Betaspring,http://betaspring.com,Various/Remote,US,accelerator,1-2 times per year,3-4 months,Not specified,Not specified,Agnostic,Early-stage,,2024/2025,http://betaspring.com
i/o Ventures,http://www.ventures.io,Various/Remote,US,accelerator,1-2 times per year,3-4 months,Not specified,Not specified,Agnostic,Early-stage,,2024/2025,http://www.ventures.io
The FIS FinTech Accelerator in Partnership with The Venture Center,https://www.venturecenter.co,Various/Remote,US,accelerator,1-2 times per year,3-4 months,Not specified,Not specified,Agnostic,Early-stage,,2024/2025,https://www.venturecenter.co
Envestnet Yodlee Incubator,https://www.yodlee.com/company/startup-incubator,Various/Remote,US,accelerator,1-2 times per year,3-4 months,Not specified,Not specified,Agnostic,Early-stage,,2024/2025,https://www.yodlee.com/company/startup-incubator
Startupbootcamp Scale Digital Health Miami,https://www.startupbootcamp.org/accelerator/scale-digital-health-miami,Various/Remote,US,accelerator,1-2 times per year,3-4 months,Not specified,Not specified,Agnostic,Early-stage,,2024/2025,https://www.startupbootcamp.org/accelerator/scale-digital-health-miami
Startech Early Ventures,http://www.startechev.com,Various/Remote,US,accelerator,1-2 times per year,3-4 months,Not specified,Not specified,Agnostic,Early-stage,,2024/2025,http://www.startechev.com
Neo,http://www.neo.com,Various/Remote,US,accelerator,1-2 times per year,3-4 months,Not specified,Not specified,Agnostic,Early-stage,,2024/2025,http://www.neo.com
Big Idea Ventures,https://bigideaventures.com,Various/Remote,US,accelerator,1-2 times per year,3-4 months,Not specified,Not specified,Agnostic,Early-stage,,2024/2025,https://bigideaventures.com
Massachusetts Institute of Technology,http://web.mit.edu,Various/Remote,US,accelerator,1-2 times per year,3-4 months,Not specified,Not specified,Agnostic,Early-stage,,2024/2025,http://web.mit.edu
IndieBio,http://www.indiebio.co,Various/Remote,US,accelerator,1-2 times per year,3-4 months,Not specified,Not specified,Agnostic,Early-stage,,2024/2025,http://www.indiebio.co
AccelFoods,http://accelfoods.com,Various/Remote,US,accelerator,1-2 times per year,3-4 months,Not specified,Not specified,Agnostic,Early-stage,,2024/2025,http://accelfoods.com
Illumina,http://www.illumina.com,Various/Remote,US,accelerator,1-2 times per year,3-4 months,Not specified,Not specified,Agnostic,Early-stage,,2024/2025,http://www.illumina.com
Nex Cubed,http://nex3.com,Various/Remote,US,accelerator,1-2 times per year,3-4 months,Not specified,Not specified,Agnostic,Early-stage,,2024/2025,http://nex3.com
Motus Ventures,http://www.motusventures.com,Various/Remote,US,accelerator,1-2 times per year,3-4 months,Not specified,Not specified,Agnostic,Early-stage,,2024/2025,http://www.motusventures.com
The Fabric,http://www.thefabricnet.com,Various/Remote,US,accelerator,1-2 times per year,3-4 months,Not specified,Not specified,Agnostic,Early-stage,,2024/2025,http://www.thefabricnet.com
Third Derivative,https://third-derivative.org,Various/Remote,US,accelerator,1-2 times per year,3-4 months,Not specified,Not specified,Agnostic,Early-stage,,2024/2025,https://third-derivative.org
Jumpstart Foundry,https://www.jsf.co,Various/Remote,US,accelerator,1-2 times per year,3-4 months,Not specified,Not specified,Agnostic,Early-stage,,2024/2025,https://www.jsf.co
What If Ventures,http://whatif.vc,Various/Remote,US,accelerator,1-2 times per year,3-4 months,Not specified,Not specified,Agnostic,Early-stage,,2024/2025,http://whatif.vc
AlphaLab,http://alphalab.org,Various/Remote,US,accelerator,1-2 times per year,3-4 months,Not specified,Not specified,Agnostic,Early-stage,,2024/2025,http://alphalab.org
i5invest,http://www.i5invest.com,Various/Remote,US,accelerator,1-2 times per year,3-4 months,Not specified,Not specified,Agnostic,Early-stage,,2024/2025,http://www.i5invest.com
The Refiners,http://www.therefiners.co,Various/Remote,US,accelerator,1-2 times per year,3-4 months,Not specified,Not specified,Agnostic,Early-stage,,2024/2025,http://www.therefiners.co
URBAN-X,https://urban-x.com,Various/Remote,US,accelerator,1-2 times per year,3-4 months,Not specified,Not specified,Agnostic,Early-stage,,2024/2025,https://urban-x.com
Ten Eighty Capital,http://www.teneighty.us,Various/Remote,US,accelerator,1-2 times per year,3-4 months,Not specified,Not specified,Agnostic,Early-stage,,2024/2025,http://www.teneighty.us
Rainmakers,http://rainmakersglobal.com,Various/Remote,US,accelerator,1-2 times per year,3-4 months,Not specified,Not specified,Agnostic,Early-stage,,2024/2025,http://rainmakersglobal.com
Allen Institute for Artificial Intelligence,http://allenai.org,Various/Remote,US,accelerator,1-2 times per year,3-4 months,Not specified,Not specified,Agnostic,Early-stage,,2024/2025,http://allenai.org
Starta VC,http://www.starta.vc,Various/Remote,US,accelerator,1-2 times per year,3-4 months,Not specified,Not specified,Agnostic,Early-stage,,2024/2025,http://www.starta.vc
TinySeed,https://tinyseed.com,Various/Remote,US,accelerator,1-2 times per year,3-4 months,Not specified,Not specified,Agnostic,Early-stage,,2024/2025,https://tinyseed.com
Lighthouse Labs RVA,http://www.lighthouselabsrva.com,Various/Remote,US,accelerator,1-2 times per year,3-4 months,Not specified,Not specified,Agnostic,Early-stage,,2024/2025,http://www.lighthouselabsrva.com
dunnhumby Ventures,http://dunnhumby.com/ventures,Various/Remote,US,accelerator,1-2 times per year,3-4 months,Not specified,Not specified,Agnostic,Early-stage,,2024/2025,http://dunnhumby.com/ventures
ASU ScaleU,https://www.scaleu.org,Various/Remote,US,accelerator,1-2 times per year,3-4 months,Not specified,Not specified,Agnostic,Early-stage,,2024/2025,https://www.scaleu.org
Star Farm Ventures,http://www.starfarmventures.com,Various/Remote,US,accelerator,1-2 times per year,3-4 months,Not specified,Not specified,Agnostic,Early-stage,,2024/2025,http://www.starfarmventures.com
SamStella,http://www.samstella.com,Various/Remote,US,accelerator,1-2 times per year,3-4 months,Not specified,Not specified,Agnostic,Early-stage,,2024/2025,http://www.samstella.com
LaunchTime,http://www.launchtime.com,Various/Remote,US,accelerator,1-2 times per year,3-4 months,Not specified,Not specified,Agnostic,Early-stage,,2024/2025,http://www.launchtime.com
MergeLane,http://www.mergelane.com,Various/Remote,US,accelerator,1-2 times per year,3-4 months,Not specified,Not specified,Agnostic,Early-stage,,2024/2025,http://www.mergelane.com
Sorenson Ventures,https://www.sorensoncapital.com,Various/Remote,US,accelerator,1-2 times per year,3-4 months,Not specified,Not specified,Agnostic,Early-stage,,2024/2025,https://www.sorensoncapital.com
Starburst Accelerator,https://starburst.aero,Various/Remote,US,accelerator,1-2 times per year,3-4 months,Not specified,Not specified,Agnostic,Early-stage,,2024/2025,https://starburst.aero
"Founders, Inc.",https://f.inc,Various/Remote,US,accelerator,1-2 times per year,3-4 months,Not specified,Not specified,Agnostic,Early-stage,,2024/2025,https://f.inc
NMotion,http://nmotion.co,Various/Remote,US,accelerator,1-2 times per year,3-4 months,Not specified,Not specified,Agnostic,Early-stage,,2024/2025,http://nmotion.co
Social Discovery Group,https://socialdiscoverygroup.com,Various/Remote,US,accelerator,1-2 times per year,3-4 months,Not specified,Not specified,Agnostic,Early-stage,,2024/2025,https://socialdiscoverygroup.com
GrowthX,http://www.growthx.com,Various/Remote,US,accelerator,1-2 times per year,3-4 months,Not specified,Not specified,Agnostic,Early-stage,,2024/2025,http://www.growthx.com
Singularity University Ventures,http://su.org/ventures,Various/Remote,US,accelerator,1-2 times per year,3-4 months,Not specified,Not specified,Agnostic,Early-stage,,2024/2025,http://su.org/ventures
Queen City Fintech,http://www.qcfintech.co,Various/Remote,US,accelerator,1-2 times per year,3-4 months,Not specified,Not specified,Agnostic,Early-stage,,2024/2025,http://www.qcfintech.co
MACH37,https://www.mach37.com,Various/Remote,US,accelerator,1-2 times per year,3-4 months,Not specified,Not specified,Agnostic,Early-stage,,2024/2025,https://www.mach37.com
RGAx,http://www.rgax.com,Various/Remote,US,accelerator,1-2 times per year,3-4 months,Not specified,Not specified,Agnostic,Early-stage,,2024/2025,http://www.rgax.com
The Vogt Awards,http://www.vogtawards.com,Various/Remote,US,accelerator,1-2 times per year,3-4 months,Not specified,Not specified,Agnostic,Early-stage,,2024/2025,http://www.vogtawards.com
The Startup Factory,http://thestartupfactory.co,Various/Remote,US,accelerator,1-2 times per year,3-4 months,Not specified,Not specified,Agnostic,Early-stage,,2024/2025,http://thestartupfactory.co
Startup Next,http://www.startupnext.co,Various/Remote,US,accelerator,1-2 times per year,3-4 months,Not specified,Not specified,Agnostic,Early-stage,,2024/2025,http://www.startupnext.co
9Mile Labs,http://www.9milelabs.com,Various/Remote,US,accelerator,1-2 times per year,3-4 months,Not specified,Not specified,Agnostic,Early-stage,,2024/2025,http://www.9milelabs.com
Kaplan EdTech Accelerator,http://www.kaplanedtechaccelerator.com,Various/Remote,US,accelerator,1-2 times per year,3-4 months,Not specified,Not specified,Agnostic,Early-stage,,2024/2025,http://www.kaplanedtechaccelerator.com
eLab Accelerator,http://www.elabstartup.com,Various/Remote,US,accelerator,1-2 times per year,3-4 months,Not specified,Not specified,Agnostic,Early-stage,,2024/2025,http://www.elabstartup.com
Draft Ventures,http://draftvc.com,Various/Remote,US,accelerator,1-2 times per year,3-4 months,Not specified,Not specified,Agnostic,Early-stage,,2024/2025,http://draftvc.com
Nextlaw Labs,http://www.nextlawlabs.com,Various/Remote,US,accelerator,1-2 times per year,3-4 months,Not specified,Not specified,Agnostic,Early-stage,,2024/2025,http://www.nextlawlabs.com
HVF Labs,http://www.hvflabs.com,Various/Remote,US,accelerator,1-2 times per year,3-4 months,Not specified,Not specified,Agnostic,Early-stage,,2024/2025,http://www.hvflabs.com
Westlake Village BioPartners,http://westlakebio.com,Various/Remote,US,accelerator,1-2 times per year,3-4 months,Not specified,Not specified,Agnostic,Early-stage,,2024/2025,http://westlakebio.com
Gold House,https://goldhouse.org,Various/Remote,US,accelerator,1-2 times per year,3-4 months,Not specified,Not specified,Agnostic,Early-stage,,2024/2025,https://goldhouse.org
25madison,https://www.25madison.com,Various/Remote,US,accelerator,1-2 times per year,3-4 months,Not specified,Not specified,Agnostic,Early-stage,,2024/2025,https://www.25madison.com
EXPERT DOJO,http://www.expertdojo.com,Various/Remote,US,accelerator,1-2 times per year,3-4 months,Not specified,Not specified,Agnostic,Early-stage,,2024/2025,http://www.expertdojo.com
XLerateHealth,http://www.xleratehealth.com,Various/Remote,US,accelerator,1-2 times per year,3-4 months,Not specified,Not specified,Agnostic,Early-stage,,2024/2025,http://www.xleratehealth.com
To Kenz Capital,http://tokenzfund.com,Various/Remote,US,accelerator,1-2 times per year,3-4 months,Not specified,Not specified,Agnostic,Early-stage,,2024/2025,http://tokenzfund.com
On Deck,http://beondeck.com,Various/Remote,US,accelerator,1-2 times per year,3-4 months,Not specified,Not specified,Agnostic,Early-stage,,2024/2025,http://beondeck.com
ExploraMed,http://www.exploramed.com,Various/Remote,US,accelerator,1-2 times per year,3-4 months,Not specified,Not specified,Agnostic,Early-stage,,2024/2025,http://www.exploramed.com
Evolution Ventures,https://www.evolution-vc.com,Various/Remote,US,accelerator,1-2 times per year,3-4 months,Not specified,Not specified,Agnostic,Early-stage,,2024/2025,https://www.evolution-vc.com
PharmStars,https://www.pharmstars.com,Various/Remote,US,accelerator,1-2 times per year,3-4 months,Not specified,Not specified,Agnostic,Early-stage,,2024/2025,https://www.pharmstars.com
Comcast NBCUniversal LIFT Labs,https://lift.comcast.com,Various/Remote,US,accelerator,1-2 times per year,3-4 months,Not specified,Not specified,Agnostic,Early-stage,,2024/2025,https://lift.comcast.com
Archimedes Labs,https://www.archimedes.studio,Various/Remote,US,accelerator,1-2 times per year,3-4 months,Not specified,Not specified,Agnostic,Early-stage,,2024/2025,https://www.archimedes.studio
Madworks Seed Accelerator,http://www.madworksaccelerator.org,Various/Remote,US,accelerator,1-2 times per year,3-4 months,Not specified,Not specified,Agnostic,Early-stage,,2024/2025,http://www.madworksaccelerator.org
Nashville Entrepreneur Center,http://www.ec.co,Various/Remote,US,accelerator,1-2 times per year,3-4 months,Not specified,Not specified,Agnostic,Early-stage,,2024/2025,http://www.ec.co
Joules Accelerator,https://www.joulesaccelerator.com,Various/Remote,US,accelerator,1-2 times per year,3-4 months,Not specified,Not specified,Agnostic,Early-stage,,2024/2025,https://www.joulesaccelerator.com
Bizdom,http://bizdom.com,Various/Remote,US,accelerator,1-2 times per year,3-4 months,Not specified,Not specified,Agnostic,Early-stage,,2024/2025,http://bizdom.com
Inclusive Ventures Lab,https://www.morganstanley.com/about-us/diversity/multicultural-innovation-lab,Various/Remote,US,accelerator,1-2 times per year,3-4 months,Not specified,Not specified,Agnostic,Early-stage,,2024/2025,https://www.morganstanley.com/about-us/diversity/multicultural-innovation-lab
Xoogler,https://xoogler.co,Various/Remote,US,accelerator,1-2 times per year,3-4 months,Not specified,Not specified,Agnostic,Early-stage,,2024/2025,https://xoogler.co
Aries Capital Partners,https://ariescapitalpartners.com,Various/Remote,US,accelerator,1-2 times per year,3-4 months,Not specified,Not specified,Agnostic,Early-stage,,2024/2025,https://ariescapitalpartners.com
500 Kobe,http://500kobe.com,Various/Remote,US,accelerator,1-2 times per year,3-4 months,Not specified,Not specified,Agnostic,Early-stage,,2024/2025,http://500kobe.com
West Health Investment Fund,http://www.westhealthfund.com,Various/Remote,US,accelerator,1-2 times per year,3-4 months,Not specified,Not specified,Agnostic,Early-stage,,2024/2025,http://www.westhealthfund.com
Sprint Accelerator,http://sprintaccelerator.com,Various/Remote,US,accelerator,1-2 times per year,3-4 months,Not specified,Not specified,Agnostic,Early-stage,,2024/2025,http://sprintaccelerator.com
Media Camp,http://www.mediacamp.com,Various/Remote,US,accelerator,1-2 times per year,3-4 months,Not specified,Not specified,Agnostic,Early-stage,,2024/2025,http://www.mediacamp.com
Luma Launch,https://www.luma.inc,Various/Remote,US,accelerator,1-2 times per year,3-4 months,Not specified,Not specified,Agnostic,Early-stage,,2024/2025,https://www.luma.inc
Kauffman Foundation,http://kauffman.org,Various/Remote,US,accelerator,1-2 times per year,3-4 months,Not specified,Not specified,Agnostic,Early-stage,,2024/2025,http://kauffman.org
AI Fund,https://aifund.ai,Various/Remote,US,accelerator,1-2 times per year,3-4 months,Not specified,Not specified,Agnostic,Early-stage,,2024/2025,https://aifund.ai
Atlanta Ventures,http://www.atlantaventures.com,Various/Remote,US,accelerator,1-2 times per year,3-4 months,Not specified,Not specified,Agnostic,Early-stage,,2024/2025,http://www.atlantaventures.com
Iowa Economic Development Authority,https://www.iowaeda.com,Various/Remote,US,accelerator,1-2 times per year,3-4 months,Not specified,Not specified,Agnostic,Early-stage,,2024/2025,https://www.iowaeda.com
JFF Ventures,https://info.jff.org/ventures,Various/Remote,US,accelerator,1-2 times per year,3-4 months,Not specified,Not specified,Agnostic,Early-stage,,2024/2025,https://info.jff.org/ventures
Target Takeoff,https://targetaccelerators.com/programs/takeoff,Various/Remote,US,accelerator,1-2 times per year,3-4 months,Not specified,Not specified,Agnostic,Early-stage,,2024/2025,https://targetaccelerators.com/programs/takeoff
VentureWell,https://venturewell.org,Various/Remote,US,accelerator,1-2 times per year,3-4 months,Not specified,Not specified,Agnostic,Early-stage,,2024/2025,https://venturewell.org
Next 10 Ventures,https://www.next10ventures.com,Various/Remote,US,accelerator,1-2 times per year,3-4 months,Not specified,Not specified,Agnostic,Early-stage,,2024/2025,https://www.next10ventures.com
Vermont Center for Emerging Technologies,https://vcet.co,Various/Remote,US,accelerator,1-2 times per year,3-4 months,Not specified,Not specified,Agnostic,Early-stage,,2024/2025,https://vcet.co
CanopyBoulder,http://www.canopyboulder.com,Various/Remote,US,accelerator,1-2 times per year,3-4 months,Not specified,Not specified,Agnostic,Early-stage,,2024/2025,http://www.canopyboulder.com
Ben Franklin Technology Partners of Central and Northern Pennsylvania,http://cnp.benfranklin.org,Various/Remote,US,accelerator,1-2 times per year,3-4 months,Not specified,Not specified,Agnostic,Early-stage,,2024/2025,http://cnp.benfranklin.org
DFS Lab,http://www.dfslab.net,Various/Remote,US,accelerator,1-2 times per year,3-4 months,Not specified,Not specified,Agnostic,Early-stage,,2024/2025,http://www.dfslab.net
Growth Circuit,https://www.growthcircuit.co,Various/Remote,US,accelerator,1-2 times per year,3-4 months,Not specified,Not specified,Agnostic,Early-stage,,2024/2025,https://www.growthcircuit.co
Super Ventures,http://www.superventures.com,Various/Remote,US,accelerator,1-2 times per year,3-4 months,Not specified,Not specified,Agnostic,Early-stage,,2024/2025,http://www.superventures.com
Sanabil 500 MENA Seed Accelerator,https://500.co/accelerators/sanabil-mena-seed-accelerator,Various/Remote,US,accelerator,1-2 times per year,3-4 months,Not specified,Not specified,Agnostic,Early-stage,,2024/2025,https://500.co/accelerators/sanabil-mena-seed-accelerator
OnRamp Insurance Accelerator,https://www.gener8tor.com/investment-accelerators/onramp-insurance,Various/Remote,US,accelerator,1-2 times per year,3-4 months,Not specified,Not specified,Agnostic,Early-stage,,2024/2025,https://www.gener8tor.com/investment-accelerators/onramp-insurance
Health Wildcatters,http://healthwildcatters.com,Various/Remote,US,accelerator,1-2 times per year,3-4 months,Not specified,Not specified,Agnostic,Early-stage,,2024/2025,http://healthwildcatters.com
LFX Venture Partners,https://lfxvp.com,Various/Remote,US,accelerator,1-2 times per year,3-4 months,Not specified,Not specified,Agnostic,Early-stage,,2024/2025,https://lfxvp.com
Aurelia Ventures,https://aureliaventures.com,Various/Remote,US,accelerator,1-2 times per year,3-4 months,Not specified,Not specified,Agnostic,Early-stage,,2024/2025,https://aureliaventures.com
CivStart,https://www.civstart.org,Various/Remote,US,accelerator,1-2 times per year,3-4 months,Not specified,Not specified,Agnostic,Early-stage,,2024/2025,https://www.civstart.org
LG Nova,https://www.lgnova.com,Various/Remote,US,accelerator,1-2 times per year,3-4 months,Not specified,Not specified,Agnostic,Early-stage,,2024/2025,https://www.lgnova.com
Venture Hive,http://venturehive.co,Various/Remote,US,accelerator,1-2 times per year,3-4 months,Not specified,Not specified,Agnostic,Early-stage,,2024/2025,http://venturehive.co
FinTech Innovation Lab,https://www.fintechinnovationlab.com,Various/Remote,US,accelerator,1-2 times per year,3-4 months,Not specified,Not specified,Agnostic,Early-stage,,2024/2025,https://www.fintechinnovationlab.com
Global Sports Venture Studio,https://www.globalsportsventurestudio.com,Various/Remote,US,accelerator,1-2 times per year,3-4 months,Not specified,Not specified,Agnostic,Early-stage,,2024/2025,https://www.globalsportsventurestudio.com
Wells Fargo Startup Accelerator,https://accelerator.wf.com,Various/Remote,US,accelerator,1-2 times per year,3-4 months,Not specified,Not specified,Agnostic,Early-stage,,2024/2025,https://accelerator.wf.com
Software Founders,http://softwarefounders.com,Various/Remote,US,accelerator,1-2 times per year,3-4 months,Not specified,Not specified,Agnostic,Early-stage,,2024/2025,http://softwarefounders.com
Telluride Venture Accelerator,http://www.tellurideva.com,Various/Remote,US,accelerator,1-2 times per year,3-4 months,Not specified,Not specified,Agnostic,Early-stage,,2024/2025,http://www.tellurideva.com
GENIUS NY,http://www.geniusny.com,Various/Remote,US,accelerator,1-2 times per year,3-4 months,Not specified,Not specified,Agnostic,Early-stage,,2024/2025,http://www.geniusny.com
4Catalyzer,http://4catalyzer.com,Various/Remote,US,accelerator,1-2 times per year,3-4 months,Not specified,Not specified,Agnostic,Early-stage,,2024/2025,http://4catalyzer.com
HeartX,http://heartxaccelerator.com,Various/Remote,US,accelerator,1-2 times per year,3-4 months,Not specified,Not specified,Agnostic,Early-stage,,2024/2025,http://heartxaccelerator.com
ICONYC labs,http://iconyclabs.com,Various/Remote,US,accelerator,1-2 times per year,3-4 months,Not specified,Not specified,Agnostic,Early-stage,,2024/2025,http://iconyclabs.com
Nex Cubed Digital Health,https://nex3.com/healthcare,Various/Remote,US,accelerator,1-2 times per year,3-4 months,Not specified,Not specified,Agnostic,Early-stage,,2024/2025,https://nex3.com/healthcare
eSeed Challenge,https://entrepreneurship.engineering.asu.edu/eseed-challenge,Various/Remote,US,accelerator,1-2 times per year,3-4 months,Not specified,Not specified,Agnostic,Early-stage,,2024/2025,https://entrepreneurship.engineering.asu.edu/eseed-challenge
MDJ Group,http://mdjgroup.com,Various/Remote,US,accelerator,1-2 times per year,3-4 months,Not specified,Not specified,Agnostic,Early-stage,,2024/2025,http://mdjgroup.com
Tigerlabs,http://www.tigerlabs.co,Various/Remote,US,accelerator,1-2 times per year,3-4 months,Not specified,Not specified,Agnostic,Early-stage,,2024/2025,http://www.tigerlabs.co
Mission Daybreak,https://www.missiondaybreak.net,Various/Remote,US,accelerator,1-2 times per year,3-4 months,Not specified,Not specified,Agnostic,Early-stage,,2024/2025,https://www.missiondaybreak.net
PeaceTech Accelerator,http://www.c5us.com,Various/Remote,US,accelerator,1-2 times per year,3-4 months,Not specified,Not specified,Agnostic,Early-stage,,2024/2025,http://www.c5us.com
10Xelerator,http://10xelerator.com,Various/Remote,US,accelerator,1-2 times per year,3-4 months,Not specified,Not specified,Agnostic,Early-stage,,2024/2025,http://10xelerator.com
Same Page Capital,https://samepagecapital.com,Various/Remote,US,accelerator,1-2 times per year,3-4 months,Not specified,Not specified,Agnostic,Early-stage,,2024/2025,https://samepagecapital.com
Pioneer,https://pioneer.app,Various/Remote,US,accelerator,1-2 times per year,3-4 months,Not specified,Not specified,Agnostic,Early-stage,,2024/2025,https://pioneer.app
UpTech Accelerator,http://www.uptechideas.org,Various/Remote,US,accelerator,1-2 times per year,3-4 months,Not specified,Not specified,Agnostic,Early-stage,,2024/2025,http://www.uptechideas.org
UVA Licensing & Ventures Group,https://lvg.virginia.edu,Various/Remote,US,accelerator,1-2 times per year,3-4 months,Not specified,Not specified,Agnostic,Early-stage,,2024/2025,https://lvg.virginia.edu
FinRise,https://plaid.com/blog/plaid-accelerate-second-cohort,Various/Remote,US,accelerator,1-2 times per year,3-4 months,Not specified,Not specified,Agnostic,Early-stage,,2024/2025,https://plaid.com/blog/plaid-accelerate-second-cohort
Pioneer Square Labs,http://www.pioneersquarelabs.com,Various/Remote,US,accelerator,1-2 times per year,3-4 months,Not specified,Not specified,Agnostic,Early-stage,,2024/2025,http://www.pioneersquarelabs.com
Greentown Labs,http://greentownlabs.com,Various/Remote,US,accelerator,1-2 times per year,3-4 months,Not specified,Not specified,Agnostic,Early-stage,,2024/2025,http://greentownlabs.com
Upward,https://www.moveupward.city/net-zero-lab,Various/Remote,US,accelerator,1-2 times per year,3-4 months,Not specified,Not specified,Agnostic,Early-stage,,2024/2025,https://www.moveupward.city/net-zero-lab
Shadow Ventures,https://shadow.vc,Various/Remote,US,accelerator,1-2 times per year,3-4 months,Not specified,Not specified,Agnostic,Early-stage,,2024/2025,https://shadow.vc
VoLo Earth Ventures,https://www.voloearth.com,Various/Remote,US,accelerator,1-2 times per year,3-4 months,Not specified,Not specified,Agnostic,Early-stage,,2024/2025,https://www.voloearth.com
super{set},https://www.superset.com,Various/Remote,US,accelerator,1-2 times per year,3-4 months,Not specified,Not specified,Agnostic,Early-stage,,2024/2025,https://www.superset.com
Chloe Capital,https://chloecapital.com,Various/Remote,US,accelerator,1-2 times per year,3-4 months,Not specified,Not specified,Agnostic,Early-stage,,2024/2025,https://chloecapital.com
Digital Sandbox KC,http://www.digitalsandboxkc.com,Various/Remote,US,accelerator,1-2 times per year,3-4 months,Not specified,Not specified,Agnostic,Early-stage,,2024/2025,http://www.digitalsandboxkc.com
ElevenX Capital,https://www.elevenxcapital.com,Various/Remote,US,accelerator,1-2 times per year,3-4 months,Not specified,Not specified,Agnostic,Early-stage,,2024/2025,https://www.elevenxcapital.com
Flashstarts,http://www.flashstarts.com,Various/Remote,US,accelerator,1-2 times per year,3-4 months,Not specified,Not specified,Agnostic,Early-stage,,2024/2025,http://www.flashstarts.com
VIVE X,https://www.vive.com/us/vivex,Various/Remote,US,accelerator,1-2 times per year,3-4 months,Not specified,Not specified,Agnostic,Early-stage,,2024/2025,https://www.vive.com/us/vivex
Start Smart Labs,http://www.startsmartlabs.com,Various/Remote,US,accelerator,1-2 times per year,3-4 months,Not specified,Not specified,Agnostic,Early-stage,,2024/2025,http://www.startsmartlabs.com
Accelerator Life Science Partners,http://www.acceleratorlsp.com,Various/Remote,US,accelerator,1-2 times per year,3-4 months,Not specified,Not specified,Agnostic,Early-stage,,2024/2025,http://www.acceleratorlsp.com
Sputnik ATX,http://www.sputnikatx.com,Various/Remote,US,accelerator,1-2 times per year,3-4 months,Not specified,Not specified,Agnostic,Early-stage,,2024/2025,http://www.sputnikatx.com
ConSensys Ventures,https://www.mesh.xyz,Various/Remote,US,accelerator,1-2 times per year,3-4 months,Not specified,Not specified,Agnostic,Early-stage,,2024/2025,https://www.mesh.xyz
Life Sciences Greenhouse of Pennsylvania,http://www.lsgpa.com,Various/Remote,US,accelerator,1-2 times per year,3-4 months,Not specified,Not specified,Agnostic,Early-stage,,2024/2025,http://www.lsgpa.com
WaterEquity,http://waterequity.org,Various/Remote,US,accelerator,1-2 times per year,3-4 months,Not specified,Not specified,Agnostic,Early-stage,,2024/2025,http://waterequity.org
SNZ Holding,https://snzholding.com,Various/Remote,US,accelerator,1-2 times per year,3-4 months,Not specified,Not specified,Agnostic,Early-stage,,2024/2025,https://snzholding.com
REACH,https://nar-reach.com,Various/Remote,US,accelerator,1-2 times per year,3-4 months,Not specified,Not specified,Agnostic,Early-stage,,2024/2025,https://nar-reach.com
BCG Digital Ventures,http://www.bcgdv.com,Various/Remote,US,accelerator,1-2 times per year,3-4 months,Not specified,Not specified,Agnostic,Early-stage,,2024/2025,http://www.bcgdv.com
The Founders Arena,https://thefoundersarena.com,Various/Remote,US,accelerator,1-2 times per year,3-4 months,Not specified,Not specified,Agnostic,Early-stage,,2024/2025,https://thefoundersarena.com
Bishop Ranch Intelligence Innovation Accelerator,http://briia.io,Various/Remote,US,accelerator,1-2 times per year,3-4 months,Not specified,Not specified,Agnostic,Early-stage,,2024/2025,http://briia.io
SeedSumo,http://seedsumo.com,Various/Remote,US,accelerator,1-2 times per year,3-4 months,Not specified,Not specified,Agnostic,Early-stage,,2024/2025,http://seedsumo.com
Ameren Accelerator,https://www.amerenaccelerator.com,Various/Remote,US,accelerator,1-2 times per year,3-4 months,Not specified,Not specified,Agnostic,Early-stage,,2024/2025,https://www.amerenaccelerator.com
Sage Partners,http://www.sagepartners.net,Various/Remote,US,accelerator,1-2 times per year,3-4 months,Not specified,Not specified,Agnostic,Early-stage,,2024/2025,http://www.sagepartners.net
Draper University Ventures,https://www.draperuniversity.com/investments,Various/Remote,US,accelerator,1-2 times per year,3-4 months,Not specified,Not specified,Agnostic,Early-stage,,2024/2025,https://www.draperuniversity.com/investments
Cache Ventures,http://cacheventures.com,Various/Remote,US,accelerator,1-2 times per year,3-4 months,Not specified,Not specified,Agnostic,Early-stage,,2024/2025,http://cacheventures.com
Fuel,https://www.fuelaccelerator.com,Various/Remote,US,accelerator,1-2 times per year,3-4 months,Not specified,Not specified,Agnostic,Early-stage,,2024/2025,https://www.fuelaccelerator.com
Illumina Accelerator,https://www.illumina.com/accelerator,Various/Remote,US,accelerator,1-2 times per year,3-4 months,Not specified,Not specified,Agnostic,Early-stage,,2024/2025,https://www.illumina.com/accelerator
Pivotal Ventures,https://www.pivotalventures.org,Various/Remote,US,accelerator,1-2 times per year,3-4 months,Not specified,Not specified,Agnostic,Early-stage,,2024/2025,https://www.pivotalventures.org
Kauffman Fellows Fund,http://www.kauffmanfellows.org,Various/Remote,US,accelerator,1-2 times per year,3-4 months,Not specified,Not specified,Agnostic,Early-stage,,2024/2025,http://www.kauffmanfellows.org
Beacon,https://www.0xbeacon.com,Various/Remote,US,accelerator,1-2 times per year,3-4 months,Not specified,Not specified,Agnostic,Early-stage,,2024/2025,https://www.0xbeacon.com
Comcast RISE,https://www.comcastrise.com,Various/Remote,US,accelerator,1-2 times per year,3-4 months,Not specified,Not specified,Agnostic,Early-stage,,2024/2025,https://www.comcastrise.com
Batchery,http://www.batchery.com,Various/Remote,US,accelerator,1-2 times per year,3-4 months,Not specified,Not specified,Agnostic,Early-stage,,2024/2025,http://www.batchery.com
WeWork Labs,https://www.wework.com/labs,Various/Remote,US,accelerator,1-2 times per year,3-4 months,Not specified,Not specified,Agnostic,Early-stage,,2024/2025,https://www.wework.com/labs
Matter,http://matter.vc,Various/Remote,US,accelerator,1-2 times per year,3-4 months,Not specified,Not specified,Agnostic,Early-stage,,2024/2025,http://matter.vc
Started Accelerator,http://www.started.com,Various/Remote,US,accelerator,1-2 times per year,3-4 months,Not specified,Not specified,Agnostic,Early-stage,,2024/2025,http://www.started.com
Upstart Labs,http://www.upstartlabs.com,Various/Remote,US,accelerator,1-2 times per year,3-4 months,Not specified,Not specified,Agnostic,Early-stage,,2024/2025,http://www.upstartlabs.com
Lofty Ventures,http://loftyventures.com,Various/Remote,US,accelerator,1-2 times per year,3-4 months,Not specified,Not specified,Agnostic,Early-stage,,2024/2025,http://loftyventures.com
Harvard Innovation Labs,https://innovationlabs.harvard.edu,Various/Remote,US,accelerator,1-2 times per year,3-4 months,Not specified,Not specified,Agnostic,Early-stage,,2024/2025,https://innovationlabs.harvard.edu
DOE Loan Programs Office,http://www.energy.gov/LPO,Various/Remote,US,accelerator,1-2 times per year,3-4 months,Not specified,Not specified,Agnostic,Early-stage,,2024/2025,http://www.energy.gov/LPO
Accelerate,https://accelerate.us,Various/Remote,US,accelerator,1-2 times per year,3-4 months,Not specified,Not specified,Agnostic,Early-stage,,2024/2025,https://accelerate.us
Zokyo,https://www.zokyo.io,Various/Remote,US,accelerator,1-2 times per year,3-4 months,Not specified,Not specified,Agnostic,Early-stage,,2024/2025,https://www.zokyo.io
Leap Venture Studio,https://www.leapventurestudio.com,Various/Remote,US,accelerator,1-2 times per year,3-4 months,Not specified,Not specified,Agnostic,Early-stage,,2024/2025,https://www.leapventurestudio.com
ASU Venture Devils,https://entrepreneurship.asu.edu/launch/venture-devils,Various/Remote,US,accelerator,1-2 times per year,3-4 months,Not specified,Not specified,Agnostic,Early-stage,,2024/2025,https://entrepreneurship.asu.edu/launch/venture-devils
Lamp Post Group,http://www.lamppostgroup.com,Various/Remote,US,accelerator,1-2 times per year,3-4 months,Not specified,Not specified,Agnostic,Early-stage,,2024/2025,http://www.lamppostgroup.com
Ying Fund,https://www.theyingfund.com,Various/Remote,US,accelerator,1-2 times per year,3-4 months,Not specified,Not specified,Agnostic,Early-stage,,2024/2025,https://www.theyingfund.com
Starta Accelerator,http://startaventures.com/startaaccelerate,Various/Remote,US,accelerator,1-2 times per year,3-4 months,Not specified,Not specified,Agnostic,Early-stage,,2024/2025,http://startaventures.com/startaaccelerate
Elmspring Accelerator,http://www.elmspringchicago.com,Various/Remote,US,accelerator,1-2 times per year,3-4 months,Not specified,Not specified,Agnostic,Early-stage,,2024/2025,http://www.elmspringchicago.com
Fc Centripetal,https://www.fcmv2r.com,Various/Remote,US,accelerator,1-2 times per year,3-4 months,Not specified,Not specified,Agnostic,Early-stage,,2024/2025,https://www.fcmv2r.com
ShangPharma Innovation,https://www.spiivc.com,Various/Remote,US,accelerator,1-2 times per year,3-4 months,Not specified,Not specified,Agnostic,Early-stage,,2024/2025,https://www.spiivc.com
Reach Ventures,https://myreach.io,Various/Remote,US,accelerator,1-2 times per year,3-4 months,Not specified,Not specified,Agnostic,Early-stage,,2024/2025,https://myreach.io
Consortium For Technology & Innovation in Pediatrics,https://www.westcoastctip.org,Various/Remote,US,accelerator,1-2 times per year,3-4 months,Not specified,Not specified,Agnostic,Early-stage,,2024/2025,https://www.westcoastctip.org
PearX,https://www.pear.vc/accelerator,Various/Remote,US,accelerator,1-2 times per year,3-4 months,Not specified,Not specified,Agnostic,Early-stage,,2024/2025,https://www.pear.vc/accelerator
Impact Ventures,https://impact-ventures.co/accelerator,Various/Remote,US,accelerator,1-2 times per year,3-4 months,Not specified,Not specified,Agnostic,Early-stage,,2024/2025,https://impact-ventures.co/accelerator
VertueLab,https://vertuelab.org,Various/Remote,US,accelerator,1-2 times per year,3-4 months,Not specified,Not specified,Agnostic,Early-stage,,2024/2025,https://vertuelab.org
GrowthX Accelerator,https://www.microsoft.com/MEA/startups/growthxaccelerator,Various/Remote,US,accelerator,1-2 times per year,3-4 months,Not specified,Not specified,Agnostic,Early-stage,,2024/2025,https://www.microsoft.com/MEA/startups/growthxaccelerator
Chobani Food Incubator,https://www.chobani.com/impact/incubator,Various/Remote,US,accelerator,1-2 times per year,3-4 months,Not specified,Not specified,Agnostic,Early-stage,,2024/2025,https://www.chobani.com/impact/incubator
AWS Healthcare Accelerator,https://www.alchemistaccelerator.com/aws-healthcare-accelerator#cohort,Various/Remote,US,accelerator,1-2 times per year,3-4 months,Not specified,Not specified,Agnostic,Early-stage,,2024/2025,https://www.alchemistaccelerator.com/aws-healthcare-accelerator#cohort
Disruptive Labs,https://www.disruptivelabs.io,Various/Remote,US,accelerator,1-2 times per year,3-4 months,Not specified,Not specified,Agnostic,Early-stage,,2024/2025,https://www.disruptivelabs.io
Berkeley Ventures,http://berkeleyventures.com,Various/Remote,US,accelerator,1-2 times per year,3-4 months,Not specified,Not specified,Agnostic,Early-stage,,2024/2025,http://berkeleyventures.com
Advanced Industries Accelerator,https://choosecolorado.com/doing-business/advanced-industries,Various/Remote,US,accelerator,1-2 times per year,3-4 months,Not specified,Not specified,Agnostic,Early-stage,,2024/2025,https://choosecolorado.com/doing-business/advanced-industries
YouWeb,http://www.youwebinc.com,Various/Remote,US,accelerator,1-2 times per year,3-4 months,Not specified,Not specified,Agnostic,Early-stage,,2024/2025,http://www.youwebinc.com
One Mind Accelerator,https://onemind.org/accelerator,Various/Remote,US,accelerator,1-2 times per year,3-4 months,Not specified,Not specified,Agnostic,Early-stage,,2024/2025,https://onemind.org/accelerator
Z80 Labs Technology Incubator,http://z80labs.com,Various/Remote,US,accelerator,1-2 times per year,3-4 months,Not specified,Not specified,Agnostic,Early-stage,,2024/2025,http://z80labs.com
Sequoia Arc,https://www.sequoiacap.com/article/sequoia-arc-outliers-wanted,Various/Remote,US,accelerator,1-2 times per year,3-4 months,Not specified,Not specified,Agnostic,Early-stage,,2024/2025,https://www.sequoiacap.com/article/sequoia-arc-outliers-wanted
HMC INQ,https://hmcinq.com,Various/Remote,US,accelerator,1-2 times per year,3-4 months,Not specified,Not specified,Agnostic,Early-stage,,2024/2025,https://hmcinq.com
Haus Capital,https://www.hauscap.com,Various/Remote,US,accelerator,1-2 times per year,3-4 months,Not specified,Not specified,Agnostic,Early-stage,,2024/2025,https://www.hauscap.com
Silicon Valley Ventures,http://siliconvalleyventures.vc,Various/Remote,US,accelerator,1-2 times per year,3-4 months,Not specified,Not specified,Agnostic,Early-stage,,2024/2025,http://siliconvalleyventures.vc
INCISENT Labs,http://www.incisentlabs.com,Various/Remote,US,accelerator,1-2 times per year,3-4 months,Not specified,Not specified,Agnostic,Early-stage,,2024/2025,http://www.incisentlabs.com
AlphaLab Gear,http://alphalabgear.org,Various/Remote,US,accelerator,1-2 times per year,3-4 months,Not specified,Not specified,Agnostic,Early-stage,,2024/2025,http://alphalabgear.org
Ridgebox,https://ridgebox.com,Various/Remote,US,accelerator,1-2 times per year,3-4 months,Not specified,Not specified,Agnostic,Early-stage,,2024/2025,https://ridgebox.com
Jennus Innovation,http://www.jennusinnovation.com,Various/Remote,US,accelerator,1-2 times per year,3-4 months,Not specified,Not specified,Agnostic,Early-stage,,2024/2025,http://www.jennusinnovation.com
EMERGE CoLab,http://emerge.technexus.com,Various/Remote,US,accelerator,1-2 times per year,3-4 months,Not specified,Not specified,Agnostic,Early-stage,,2024/2025,http://emerge.technexus.com
OCEAN Accelerator,http://www.oceanprograms.com/accelerator,Various/Remote,US,accelerator,1-2 times per year,3-4 months,Not specified,Not specified,Agnostic,Early-stage,,2024/2025,http://www.oceanprograms.com/accelerator
Cleantech Open Northeast,http://northeast.cleantechopen.org,Various/Remote,US,accelerator,1-2 times per year,3-4 months,Not specified,Not specified,Agnostic,Early-stage,,2024/2025,http://northeast.cleantechopen.org
Hayseed Ventures,https://www.hayseedventures.com,Various/Remote,US,accelerator,1-2 times per year,3-4 months,Not specified,Not specified,Agnostic,Early-stage,,2024/2025,https://www.hayseedventures.com
Project Music,http://ec.co/project-music,Various/Remote,US,accelerator,1-2 times per year,3-4 months,Not specified,Not specified,Agnostic,Early-stage,,2024/2025,http://ec.co/project-music
Women's Capital Connection,http://www.womenscapitalconnection.com,Various/Remote,US,accelerator,1-2 times per year,3-4 months,Not specified,Not specified,Agnostic,Early-stage,,2024/2025,http://www.womenscapitalconnection.com
JLABS,http://jlabs.jnjinnovation.com,Various/Remote,US,accelerator,1-2 times per year,3-4 months,Not specified,Not specified,Agnostic,Early-stage,,2024/2025,http://jlabs.jnjinnovation.com
gBETA Medtech,https://www.gbetamedtech.com,Various/Remote,US,accelerator,1-2 times per year,3-4 months,Not specified,Not specified,Agnostic,Early-stage,,2024/2025,https://www.gbetamedtech.com
Collaborative Ventures,http://collaborative-ventures.com,Various/Remote,US,accelerator,1-2 times per year,3-4 months,Not specified,Not specified,Agnostic,Early-stage,,2024/2025,http://collaborative-ventures.com
Sponsor Us,https://www.passionfroot.me/failory,Various/Remote,US,accelerator,1-2 times per year,3-4 months,Not specified,Not specified,Agnostic,Early-stage,,2024/2025,https://www.passionfroot.me/failory
Consultancy,https://calendly.com/cerdeira/60-min-strategy-call,Various/Remote,US,accelerator,1-2 times per year,3-4 months,Not specified,Not specified,Agnostic,Early-stage,,2024/2025,https://calendly.com/cerdeira/60-min-strategy-call
Personal Twitter,https://twitter.com/nicocerdeira,Various/Remote,US,accelerator,1-2 times per year,3-4 months,Not specified,Not specified,Agnostic,Early-stage,,2024/2025,https://twitter.com/nicocerdeira
