"Investor Name","Investor Profile URL","Investor Logo","Number of Funding Rounds","Portfolio Companies","Investor Location","Investor Type","Sectors of Investment","Investor Founded Year","Key People","Portfolio Count","Sectors","Portfolio unicorns","Team members","Linkedin URL","X Profile","Email","Deals in last 12 months"
"Y Combinator","https://platform.tracxn.com/a/d/investor/srAiTt8Aevx0dkPbmrFdUVl21azd7Gx7AOT8J4fO1Zs/ycombinator","https://i.tracxn.com/logo/company/ccb6bc6d58f84c70e7227d663fa3f?devicePixelRatio=1&format=webp&height=14&width=14","7300","Groww, Coinbase","Mountain View","VC
Incubators","Enterprise Applications
Consumer","2005","David Lieb","","","","75","","","hi@tracxn.com",""
"Techstars","https://platform.tracxn.com/a/d/investor/X9SJastlBrj2FtVkv0mL7OLHL3J27mHWe0kY0ds4iPo/techstars","https://i.tracxn.com/logo/company/Selection_999(822)_1584095064231.png?devicePixelRatio=1&format=webp&height=14&width=14","4000","Spotify, Ramp","New York City","Incubators","Enterprise Applications
Consumer","2006","Paolo Azzola","","","","75","","","hi@tracxn.com",""
"Sequoia Capital","https://platform.tracxn.com/a/d/investor/PuyKDxi6s4MDikTH69gcgffRRQgfBSRZ057M1u-naxU/sequoiacapital","https://i.tracxn.com/logo/company/sc_582725dd-fb02-4fb9-b142-bf3003de84e3.PNG?devicePixelRatio=1&format=webp&height=14&width=14","2550","OpenAI, Uber","Menlo Park","VC","Enterprise Applications
Consumer","1972","Cornelius Menke","","","","73","","","",""
"500 Global","https://platform.tracxn.com/a/d/investor/runQgYmPnMdNqjVIv7_robeQ3fLVjr6Aq-eMtX2s2O0/500global","https://i.tracxn.com/logo/company/LG6YNVES_400x400_8cbdf0e0-ae26-48a0-9569-24e7ed7fb017.png?devicePixelRatio=1&format=webp&height=14&width=14","2440","Canva, Stripe","San Francisco","VC
Incubators","Enterprise Applications
Consumer","2010","Amjad Ahmad","","","","63","","","hi@tracxn.com",""
"Accel","https://platform.tracxn.com/a/d/investor/asmY3flzarkQxfcinnBYuT9nvo9mQ5zLGe6iamfHrmQ/accel","https://i.tracxn.com/logo/company/lQLZCgKo_400x400_384b4133-3cf0-4052-a656-427fedd8b02c.jpg?devicePixelRatio=1&format=webp&height=14&width=14","2370","Facebook, Slack","Palo Alto","VC","Enterprise Applications
Consumer","1983","Jess Segal","","","","58","","","hi@tracxn.com",""
"New Enterprise Associates","https://platform.tracxn.com/a/d/investor/ybmB7Tn9E5oeNF4VTXQqEHd_ixFHx6_Eq8_TZKOWOdE/newenterpriseassociates","https://i.tracxn.com/logo/company/bd5b2e8a96854adb39b7b9ae961e3c?devicePixelRatio=1&format=webp&height=14&width=14","2020","Uber, Salesforce","Menlo Park","VC","Enterprise Applications
Life Sciences","1977","Francois Ajenstat","","","","74","","","hi@tracxn.com",""
"Andreessen Horowitz","https://platform.tracxn.com/a/d/investor/UPS46sviVk047PSHY3HxzCcQMPre7GKsbwDXPwmc0ro/andreessenhorowitz","https://i.tracxn.com/logo/company/a16_c519a341-7237-438b-9b74-5424c31fc88f.jpg?devicePixelRatio=1&format=webp&height=14&width=14","1880","Facebook, OpenAI","New York City","VC","Enterprise Applications
High Tech","2009","James Watson","","","","83","","","hi@tracxn.com",""
"Lightspeed Venture Partners","https://platform.tracxn.com/a/d/investor/aqLNsYlO_gpgAgYRzxC0LsO9OEbQYcc_LqZa1cMR6n8/lightspeedventurepartners","https://i.tracxn.com/logo/company/lightsp_d2d4ed47-fda5-4f1b-8cce-fe5db737cc1c.png?devicePixelRatio=1&format=webp&height=14&width=14","1460","Affirm, Grab","Menlo Park","VC","Enterprise Applications
Consumer","2000","Aaron Frank","","","","84","","","hi@tracxn.com",""
"General Catalyst","https://platform.tracxn.com/a/d/investor/ou595fgJR47OKoZLSzT2nWPdj7tFmxjiK6fl64PtpaI/generalcatalyst","https://i.tracxn.com/logo/company/da3f9826d14e7fbfdbc224c875342?devicePixelRatio=1&format=webp&height=14&width=14","1440","Circle, HubSpot","Cambridge","VC","Enterprise Applications
Consumer","2000","Hannah Lique Naitove","","","","83","","","",""
"Bessemer Venture Partners","https://platform.tracxn.com/a/d/investor/OWFH2mkG8eq9fujc6ieBBBKpaCrCeXY3GVQHwV8uOLk/bessemerventurepartners","https://i.tracxn.com/logo/company/Selection_999(603)_1583467951837.png?devicePixelRatio=1&format=webp&height=14&width=14","1400","Swiggy, Okta","Redwood City","VC","Enterprise Applications
Enterprise Infrastructure","1911","Sagnik Nandy","","","","57","","","hi@tracxn.com",""
"MassChallenge","https://platform.tracxn.com/a/d/investor/3roKhUpcCJKdIE9BNePnoxvY2SSiLbBG1CqpUkMwrkk/masschallenge","https://i.tracxn.com/logo/company/mc_d45ff6fe-c34a-4d32-9425-1b0affd25dc4.PNG?devicePixelRatio=1&format=webp&height=14&width=14","1310","Bitso, Turo","Boston","Incubators","Enterprise Applications
High Tech","2009","Cissp-Issep Michael Smith Cism","","","","66","","","hi@tracxn.com",""
"Kleiner Perkins","https://platform.tracxn.com/a/d/investor/Uwyqb-9GM-knAxGJkT-kk7UmPt26svggqSQ7omJO7H0/kleinerperkins","https://i.tracxn.com/logo/company/Selection_810_1578310302179.png?devicePixelRatio=1&format=webp&height=14&width=14","1240","Facebook, Slack","Menlo Park","VC","Enterprise Applications
Consumer","1972","Debparna Pratiher","","","","84","","","",""
"Google Ventures","https://platform.tracxn.com/a/d/investor/YkGGYZyeNUNoCMRvkUpXAHykl5mYO_HwIBPJlOoTtNc/googleventures","https://i.tracxn.com/logo/company/Selection_799_1578305198053.png?devicePixelRatio=1&format=webp&height=14&width=14","1220","Slack, Uber","San Francisco","VC","Enterprise Applications
High Tech","2009","Robert Copeland","","","","87","","","",""
"Khosla Ventures","https://platform.tracxn.com/a/d/investmentbank/-24Z99iK6UymolRRiyungIC8C9kCcf5Fba78oTmprrw/khoslaventures","https://i.tracxn.com/logo/company/9a33a7205243f5b93f69a55af71bcb5?devicePixelRatio=1&format=webp&height=14&width=14","1200","OpenAI, Square","Menlo Park","VC","Enterprise Applications
High Tech","2004","Keith Rabois","","","","79","","","hi@tracxn.com",""
"Tiger Global Management","https://platform.tracxn.com/a/d/investor/LfyJjSFXSdee9IX78-VFIcd0m5Ek6iJX9n_48oTnvFc/tigerglobalmanagement","https://i.tracxn.com/logo/company/Selection_317_1579008698066.png?devicePixelRatio=1&format=webp&height=14&width=14","1180","OpenAI, Uber","New York City","PE
VC","Enterprise Applications
Consumer","2001","Eric Lane","","","","86","","","hi@tracxn.com",""
"Index Ventures","https://platform.tracxn.com/a/d/investor/ENnixzcSP2Nvl3-xwlYbuSZ6TI4OhwgASzzfaiY8LoU/indexventures","https://i.tracxn.com/logo/company/b2de2a67de6b28626e8c707e91fafc37?devicePixelRatio=1&format=webp&height=14&width=14","1180","Facebook, Slack","New York City","VC","Enterprise Applications
Consumer","1996","Carlos Gonzalez-Cadenas","","","","87","","","hi@tracxn.com",""
"Intel Capital","https://platform.tracxn.com/a/d/investor/xUoGHuWmRTrEN2-HROqRy_mB6gAGzHp9YIlm1ICiSlY/intelcapital","https://i.tracxn.com/logo/company/12242cc3d9c086feed2cdea23fa9287?devicePixelRatio=1&format=webp&height=14&width=14","1080","Razer, FIS","Santa Clara","VC","Enterprise Applications
High Tech","1991","Chiara Sommer-Yusupov","","","","74","","","hi@tracxn.com",""
"Plug and Play Tech Center","https://platform.tracxn.com/a/d/investor/FLn81cuWYMAwkC0LcCHFDKzC75kv8589JSTf7-m3G9I/plugandplaytechcenter","https://i.tracxn.com/logo/company/Selection_795_1578304740257.png?devicePixelRatio=1&format=webp&height=14&width=14","1020","Google, Apple","Sunnyvale","VC
Incubators","Enterprise Applications
High Tech","2006","Flmi Robert Mcisaac Llif","","","","57","","","",""
"IDG Capital","https://platform.tracxn.com/a/d/investor/SBSyJ0zGR-xBWP8afKsehijQAK46aLS4cVhpKM2U4W4/idgcapital","https://i.tracxn.com/logo/company/Selection_999(584)_1583294062927.png?devicePixelRatio=1&format=webp&height=14&width=14","888","Coinbase, DiDi","New York City","VC
PE","Consumer
Enterprise Applications","1993","Simon Liu","","","","73","","","",""
"Founders Fund","https://platform.tracxn.com/a/d/investor/Ga7paPCM_S0I6TgMQH5pWnS2iWmKmWHtjIHmwzzev1U/foundersfund","https://i.tracxn.com/logo/company/dfgdf.png1495174708369?devicePixelRatio=1&format=webp&height=14&width=14","883","Facebook, OpenAI","San Francisco","VC","Enterprise Applications
Consumer","2005","Michael Solana","","","","76","","","",""
"Norwest","https://platform.tracxn.com/a/d/investor/qwsdwmTsAQRhXJW8RUrGBMP3qbWbSnm7z7Tm_x0jJ0w/norwest","https://i.tracxn.com/logo/company/O_Jm0A47_400x400_e2f42a83-2ec7-452c-a8ae-ed4f30380c45.png?devicePixelRatio=1&format=webp&height=14&width=14","881","Uber, Swiggy","Menlo Park","VC","Enterprise Applications
Consumer","1961","Mark Schiff","","","","75","","","",""
"SV Angel","https://platform.tracxn.com/a/d/investor/OH8_R4Ci4pB1RifG7gdAe0m7OElXkVtZkCjSQAc3TR0/svangel","https://i.tracxn.com/logo/company/Selection_247_d48a5cd7-a604-4be4-b519-9276fca4c0e9.png?devicePixelRatio=1&format=webp&height=14&width=14","857","Slack, Square","San Francisco","VC","Enterprise Applications
Consumer","1999","Topher Conway","","","","78","","","",""
"First Round Capital","https://platform.tracxn.com/a/d/investor/OnYY4Ad4i6Oih7mGnRIqOZGy358scu79KcdehzpvHo8/firstroundcapital","https://i.tracxn.com/logo/company/8e28bd545c49a52ca32e372cb66fda?devicePixelRatio=1&format=webp&height=14&width=14","851","Uber, Square","San Francisco","VC","Enterprise Applications
Consumer","2004","Michael Vaughan","","","","63","","","hi@tracxn.com",""
"Greylock Partners","https://platform.tracxn.com/a/d/investor/Zwz7kFLlhpRHgd8sP2pjAEExOMGMRIjkRimkN-0Amp8/greylockpartners","https://i.tracxn.com/logo/company/68952589ad81c59dc3d39698ac686fe?devicePixelRatio=1&format=webp&height=14&width=14","832","Facebook, Coinbase","Menlo Park","VC","Enterprise Applications
Consumer","1965","Vish Narendra","","","","70","","","",""
"FJ Labs","https://platform.tracxn.com/a/d/investor/eYivVFh8tJ_ZgBuda-lKi3u-JwzAmaOJ29Q6CIZM2tw/fjlabs","https://i.tracxn.com/logo/company/d9982c93197f95af17e82d482aee76a?devicePixelRatio=1&format=webp&height=14&width=14","798","Uber, Nubank","New York City","VC","Consumer
Enterprise Applications","2007","William Guillouard","","","","81","","","",""
"Redpoint Ventures","https://platform.tracxn.com/a/d/investor/Rcp4SB-gkNLuo4kt_cZ8szMiL-2HnLt-XOv-UhiE9Sw/redpointventures","https://i.tracxn.com/logo/company/316452f18b75ec712853684bf613a5?devicePixelRatio=1&format=webp&height=14&width=14","753","Nubank, DraftKings","Woodside","VC","Enterprise Applications
Enterprise Infrastructure","1999","Erica Brescia","","","","59","","","",""
"Menlo Ventures","https://platform.tracxn.com/a/d/investor/gf-xTkVuWVYmMubaHrvdyXPblMl7XVb737tR4PndEbE/menloventures","https://i.tracxn.com/logo/company/MENLO_908c1d45-dad8-4f94-b76e-4d2238b8155f.png?devicePixelRatio=1&format=webp&height=14&width=14","748","Uber, Roku","Menlo Park","VC","Enterprise Applications
Enterprise Infrastructure","1976","Jason James","","","","86","","","hi@tracxn.com",""
"Greycroft","https://platform.tracxn.com/a/d/investor/WeOK38Yv11W9rTsU3YPLcNkWeH12-0iO2xAoDVuXZok/greycroft","https://i.tracxn.com/logo/company/Selection_999(609)_1583468715868.png?devicePixelRatio=1&format=webp&height=14&width=14","730","Bird, Scopely","New York City","VC","Enterprise Applications
Consumer","2006","Stewart Easterby","","","","86","","","hi@tracxn.com",""
"Canaan","https://platform.tracxn.com/a/d/investor/SPFegXVlfduu3g7X4szAdSLQxib2DJXBt2TdeYhNpdI/canaan","https://i.tracxn.com/logo/company/Selection_840_1578473938250.png?devicePixelRatio=1&format=webp&height=14&width=14","725","Instacart, Bird","San Francisco","VC","Enterprise Applications
Life Sciences","1987","Dana Malman Warren","","","","70","","","",""
"Bain Capital Ventures","https://platform.tracxn.com/a/d/investor/tK2yBRb2aOkPVLKkreJojV6J30Z0yT4WYo7_zogPQ0w/baincapitalventures","https://i.tracxn.com/logo/company/Eoh3lRdw_400x400_7967ed9a-f848-4de1-9027-7141f7e4b04a.jpg?devicePixelRatio=1&format=webp&height=14&width=14","693","LinkedIn, DocuSign","Boston","VC","Enterprise Applications
Enterprise Infrastructure","1984","Ben Brewer","","","","88","","","",""
"GGV Capital","https://platform.tracxn.com/a/d/investor/Cl5bO096qZfk1lVcdekd-KoxP-HqkCkCAmRKUQk_5xc/ggvcapital","https://i.tracxn.com/logo/company/Selection_999(250)_1581418913833.png?devicePixelRatio=1&format=webp&height=14&width=14","688","Slack, Square","Menlo Park","VC","Enterprise Applications
Consumer","2000","Terence Jen","","","","74","","","hi@tracxn.com",""
"CRV","https://platform.tracxn.com/a/d/investor/SFCT5m6KawYu6APfBVedgMI67xv_SuIVG6te37Oslmc/crv","https://i.tracxn.com/logo/company/Selection_999(828)_1584095703505.png?devicePixelRatio=1&format=webp&height=14&width=14","682","DoorDash, HubSpot","Palo Alto","VC","Enterprise Applications
Enterprise Infrastructure","1970","Sachin Sood","","","","81","","","hi@tracxn.com",""
"Alumni Ventures","https://platform.tracxn.com/a/d/investor/V8uRwewVOtFRSLY5E6JmCDQ7E1Cpo4P6-5vPvJLV6ug/alumniventures","https://i.tracxn.com/logo/company/av.vc_Logo_d03f3c25-17d6-44a5-af4c-a78f26d08654.jpg?devicePixelRatio=1&format=webp&height=14&width=14","682","Circle, Carta","New York City","VC","Enterprise Applications
High Tech","2014","Liam Tassiello","","","","57","","","",""
"Orbimed","https://platform.tracxn.com/a/d/investor/KgO9u32ZYT6MGwvCD45lkbX25vpNzqPd4RhLdfyUbFM/orbimed","https://i.tracxn.com/logo/company/Selection_262_54d73678-9390-4ff8-bc55-7ab9c533ab98.png?devicePixelRatio=1&format=webp&height=14&width=14","672","Medtronic, Guardant Health","New York City","VC
PE","Life Sciences
Healthcare","1989","Trey Block","","","","84","","","",""
"True Ventures","https://platform.tracxn.com/a/d/investor/x4taHfkBxkFGBsXCPEdarqZM-8fFgjP9C2xDJF4Y7mM/trueventures","https://i.tracxn.com/logo/company/E659_a8a0546e-30f6-46b7-8908-697ad73903cf.jpeg?devicePixelRatio=1&format=webp&height=14&width=14","655","GitHub, Automattic","Palo Alto","VC","Enterprise Applications
Consumer","2005","Lars Nilsson","","","","78","","","hi@tracxn.com",""
"Venrock","https://platform.tracxn.com/a/d/investor/HwIBYoP-1yvA7Oik-a6BmKdcW-ee_PcBB9zXL__H40Y/venrock","https://i.tracxn.com/logo/company/f4f3fd12e0a6c85fb539c0cdb4de40be?devicePixelRatio=1&format=webp&height=14&width=14","639","CloudFlare, athenahealth","Palo Alto","VC","Life Sciences
Enterprise Applications","1969","Yan Poon","","","","81","","","hi@tracxn.com",""
"Polaris Partners","https://platform.tracxn.com/a/d/investor/XJRQmjprasrGaNc_gr_jSgfUZq2bjbOUSpDaabRPSuo/polarispartners","https://i.tracxn.com/logo/company/Selection_807_1578309958887.png?devicePixelRatio=1&format=webp&height=14&width=14","628","Automattic, Akamai","Boston","VC","Life Sciences
Enterprise Applications","1996","Dave Barrett","","","","64","","","hi@tracxn.com",""
"Benchmark","https://platform.tracxn.com/a/d/investor/QMfIAjPd4oEridB_y77m74-0zLT0EKMBKjFAebIS6h8/benchmark","https://i.tracxn.com/logo/company/3542b0b114e730bbec6b93dc27c87?devicePixelRatio=1&format=webp&height=14&width=14","617","Uber, Zillow","San Francisco","VC","Enterprise Applications
Enterprise Infrastructure","1995","Jill Jarrett","","","","80","","","hi@tracxn.com",""
"Mayfield","https://platform.tracxn.com/a/d/investor/Ou3NaJc9_ldVZOI8fq9WB5vch3gb2TGpx7mDBxXid5E/mayfield","https://i.tracxn.com/logo/company/Selection_011_0b57cbbe-262e-46d4-ac1e-efa3243b0a86.png?devicePixelRatio=1&format=webp&height=14&width=14","608","Lyft, Amgen","Menlo Park","VC","Enterprise Applications
Enterprise Infrastructure","1969","Kamini Ramani","","","","84","","","",""
"DFJ","https://platform.tracxn.com/a/d/investor/JVTfXwXRTzUfg9Ls9U8xD_NcH08ahBDlmYcG87i6y5c/dfj","https://i.tracxn.com/logo/company/3d1364334d3328343d2e45bb2d81cff?devicePixelRatio=1&format=webp&height=14&width=14","604","Tesla, athenahealth","Menlo Park","VC","Enterprise Applications
High Tech","1985","Mark Bailey","","","","71","","","",""
"SOSV","https://platform.tracxn.com/a/d/investor/6wnP9IS0Zn2l37ViSHBVAGow5prpS-VTsD9cro_1hek/sosv","https://i.tracxn.com/logo/company/CvkiN0dM_400x400_226272e1-c85f-467a-8001-8d10816dc05b.jpg?devicePixelRatio=1&format=webp&height=14&width=14","596","DraftKings, Particle","New York City","Incubators
VC","High Tech
Consumer","1995","Benjamin Joffe","","","","53","","","hi@tracxn.com",""
"Foundation Capital","https://platform.tracxn.com/a/d/investor/hLXgIfbPeBh12zsnR9GwU7EiSGFhXl5KCbD63G9vfoE/foundationcapital","https://i.tracxn.com/logo/company/Selection_854_1578475430896.png?devicePixelRatio=1&format=webp&height=14&width=14","583","Uber, Stripe","Palo Alto","VC","Enterprise Applications
FinTech","1995","Patricia Hanna","","","","82","","","",""
"Lerer Hippeau","https://platform.tracxn.com/a/d/investor/CxRlCDBQ-wzSjQcV8ZOvGITLTV3snl4FCaHwhMBQ_xI/lererhippeau","https://i.tracxn.com/logo/company/Screenshot_from_2023-09-20_19-25-37_a38edf53-9bdd-42dd-a3cf-36776b867f56.png?devicePixelRatio=1&format=webp&height=14&width=14","575","Scopely, Warby Parker","New York City","VC","Enterprise Applications
Consumer","2010","Eric Hippeau","","","","74","","","",""
"Spark Capital","https://platform.tracxn.com/a/d/investor/CR1gsxGt-yRBrzNbE2VB3ECvBW8cP8FWf8GDgZWwC84/sparkcapital","https://i.tracxn.com/logo/company/_wEyD2xR_400x400_39dd135f-4a30-47ff-b610-d83612fe4ccf.jpg?devicePixelRatio=1&format=webp&height=14&width=14","572","Slack, Affirm","San Francisco","VC","Enterprise Applications
Consumer","2005","Paul Conway","","","","83","","","hi@tracxn.com",""
"Atlas Venture","https://platform.tracxn.com/a/d/investor/QeloFsl43kwc4so32VQXiTJDMFnjqNxBmeCI49EQQEc/atlasventure","https://i.tracxn.com/logo/company/a_339fb9cb-d664-4ca3-bea5-09adf602a14e.JPG?devicePixelRatio=1&format=webp&height=14&width=14","566","DraftKings, AOL","Cambridge","VC","Life Sciences
Enterprise Applications","1980","Robert Copeland","","","","71","","","hi@tracxn.com",""
"Gaingels","https://platform.tracxn.com/a/d/investor/90U9HPgGwa_yTZLWebwrfx9n9reSqJKbbE4LAwpZyMk/gaingels","https://i.tracxn.com/logo/company/a8545f9ca1d19358867976c57c67e7?devicePixelRatio=1&format=webp&height=14&width=14","559","Brex, Carta","New York City","VC","Enterprise Applications
Consumer","2014","James Bain","","","","83","","","",""
"Matrix","https://platform.tracxn.com/a/d/investor/uk20e2jiLmEV_rZpArRCdRJb-FGinOo75VsGlTlXi-4/matrix","https://i.tracxn.com/logo/company/mat_148ee4b8-0419-4240-b433-16082b020b7a.jpg?devicePixelRatio=1&format=webp&height=14&width=14","552","HubSpot, DiDi","San Francisco","VC","Enterprise Applications
Enterprise Infrastructure","1977","Erin Mauro","","","","69","","","hi@tracxn.com",""
"Felicis Ventures","https://platform.tracxn.com/a/d/investor/nNjjoEDpblGOEywsPjok4WY7Y2lTf8K1sxHrNzSPyrI/felicisventures","https://i.tracxn.com/logo/company/9691a5753d25da9ded1fd10cc39ebef?devicePixelRatio=1&format=webp&height=14&width=14","546","Shopify, Canva","Menlo Park","VC","Enterprise Applications
High Tech","2006","Ryan Thompson","","","","87","","","",""
"Partech Partners","https://platform.tracxn.com/a/d/investor/2ujdkQsprurmSSu3l7M9DCFJ-LTYKZE05S7C7Szajxw/partechpartners","https://i.tracxn.com/logo/company/Capture_a2f90085-b229-489d-8d01-d64da443c13c.PNG?devicePixelRatio=1&format=webp&height=14&width=14","541","Xendit, Alan","San Francisco","VC
PE","Enterprise Applications
Consumer","1982","Subarna Bhattacharjee","","","","74","","","hi@tracxn.com",""
"Salesforce Ventures","https://platform.tracxn.com/a/d/investor/rgoEPmRt45GH5PcCSjmeM7WPx_Wtdn4c7nNx1Vw2qxA/salesforceventures","https://i.tracxn.com/logo/company/salesforceventures.com_Logo_0294b980-7396-4b78-a8d4-5f3e2a780cc8.jpg?devicePixelRatio=1&format=webp&height=14&width=14","526","HubSpot, Robinhood","San Francisco","VC
Social Impact Funds","Enterprise Applications
Enterprise Infrastructure","2009","Ajit Naidu","","","","79","","","hi@tracxn.com",""
"Eight Roads Ventures","https://platform.tracxn.com/a/d/investor/AnFuql2sxip4LevQGTog-wFdqmhY0-n57YsPgqJ0AKU/eightroadsventures","https://i.tracxn.com/logo/company/1af78932ab28f912c391c7b8f112c470?devicePixelRatio=1&format=webp&height=14&width=14","525","Shadowfax, Prosper","Boston","VC","Enterprise Applications
Life Sciences","1969","Nao Kitazawa","","","","84","","","",""
"Alchemist Accelerator","https://platform.tracxn.com/a/d/investor/BSnymLM7yUsc5Sw1dGwjpC_QTe5SVqMJiWFUtMEE58o/alchemistaccelerator","https://i.tracxn.com/logo/company/4ddce18f98216b2b253ba71ffd15e?devicePixelRatio=1&format=webp&height=14&width=14","524","LaunchDarkly, Cobalt","San Francisco","Incubators","Enterprise Applications
High Tech","2012","Latrice Barnett","","","","58","","","",""
"BoxGroup","https://platform.tracxn.com/a/d/investor/VQ9LVWKDigQAqVeTNmU23czQyf_jN8sX1zhP-xRFKso/boxgroup","https://i.tracxn.com/logo/company/Selection_999(582)_1583293908314.png?devicePixelRatio=1&format=webp&height=14&width=14","524","Stripe, Ramp","New York City","VC","Enterprise Applications
Consumer","2007","Brian Aledort","","","","86","","","",""
"Qiming Venture Partners","https://platform.tracxn.com/a/d/investor/pojeJl6rZQYporj6yNh8OPQIKS44z0t12Je5LgwzX2k/qimingventurepartners","https://i.tracxn.com/logo/company/7d29bda3280ac504ee1a6a7ba42b4a?devicePixelRatio=1&format=webp&height=14&width=14","520","Meitu, Bilibili","Palo Alto","VC","Life Sciences
High Tech","2006","Grace Lee","","","","69","","","hi@tracxn.com",""
"Madrona","https://platform.tracxn.com/a/d/investor/UtVrInDilPhNX-6MSYr5s5Aq75ZY1uAh3bpXbwo-LGY/madrona","https://i.tracxn.com/logo/company/STRTEE_18523cea-81a1-4762-b2ed-1f02eb7bc8a4.png?devicePixelRatio=1&format=webp&height=14&width=14","518","Amazon, Rover","Seattle","VC","Enterprise Applications
High Tech","1995","Hope Cochran","","","","68","","","hi@tracxn.com",""
"DCM Ventures","https://platform.tracxn.com/a/d/investor/1eHjUceCqs4sw1QFX8n42JMYVDnvebWItW-is7jnSIY/dcmventures","https://i.tracxn.com/logo/company/304f662b3bf5c2924b85c9b035fcdee6?devicePixelRatio=1&format=webp&height=14&width=14","517","SoFi, Kuaishou Technology","Menlo Park","VC","Enterprise Applications
Consumer","1996","Kyle Lui","","","","64","","","hi@tracxn.com",""
"Lux Capital","https://platform.tracxn.com/a/d/investor/QJ9g7fE7W3gwMFVMZYWWy7GU54lvwhfSlcsX04bAlAU/luxcapital","https://i.tracxn.com/logo/company/l1_d6126723-1958-408f-9572-2602930119a1.PNG?devicePixelRatio=1&format=webp&height=14&width=14","515","Ramp, Databricks","Menlo Park","VC","Enterprise Applications
High Tech","2000","Kyle Johnson","","","","84","","","",""
"Zhen Fund","https://platform.tracxn.com/a/d/investor/kFNenTHXXc86UtNqdg8gFnfXg-Vee979c2YBLu2NdbE/zhenfund","https://i.tracxn.com/logo/company/Selection_999(606)_1583468353822.png?devicePixelRatio=1&format=webp&height=14&width=14","511","Substack, Ehang","San Francisco","VC","Consumer
Enterprise Applications","2006","Emma Yin","","","","55","","","hi@tracxn.com",""
"Coatue","https://platform.tracxn.com/a/d/investor/Gbtj-JXc1zgd_uuNZIhF1fwjGC6ahEKN4Newrzo_4MM/coatue","https://i.tracxn.com/logo/company/16a1c33ad5998a5b87f40f8becc272f?devicePixelRatio=1&format=webp&height=14&width=14","500","OpenAI, Swiggy","New York City","PE
Social Impact Funds","Enterprise Applications
High Tech","1999","Jared Schulman","","","","86","","","hi@tracxn.com",""
"Qualcomm Ventures","https://platform.tracxn.com/a/d/investor/jN0ldVe3Yfs8WMrq6qmslXm8kMLUYIm_5IbijsHO9wU/qualcommventures","https://i.tracxn.com/logo/company/QcblwUv3_400x400_19aadd54-a1cd-456a-a323-86bc4bde9c94.jpg?devicePixelRatio=1&format=webp&height=14&width=14","490","Coinbase, PayPal","San Diego","VC","Enterprise Applications
High Tech","1998","Michel Glezer","","","","73","","","hi@tracxn.com",""
"RRE Ventures","https://platform.tracxn.com/a/d/investor/SYVDJMIUklqVLQd-T_-DXLLelO7t-o6QXQzKn8amj6o/rreventures","https://i.tracxn.com/logo/company/Selection_862_1578477993756.png?devicePixelRatio=1&format=webp&height=14&width=14","489","Palantir, Spring Health","New York City","VC","Enterprise Applications
Consumer","1994","Tricia Han","","","","56","","","",""
"8VC","https://platform.tracxn.com/a/d/investor/07cpe8LO2ctOg0SJR24TfEtBkbQycRZ6D82c1-rpomk/8vc","https://i.tracxn.com/logo/company/Selection_999(583)_1583293968662.png?devicePixelRatio=1&format=webp&height=14&width=14","484","Salesforce, Ramp","Austin","VC","Enterprise Applications
High Tech","2015","Karen White","100","Enterprise Applications
High Tech","10","80","","","hi@tracxn.com","10"
"USVP","https://platform.tracxn.com/a/d/investor/kif1wkwJM3LPPyTFcC4zii1cw-WvpkQyapLqfQ-hSlA/usvp","https://i.tracxn.com/logo/company/48_434a971b-6698-4674-b585-ee995a2c3962.jpg?devicePixelRatio=1&format=webp&height=14&width=14","483","Pluto TV, Oracle","Menlo Park","VC","Enterprise Applications
Enterprise Infrastructure","1981","Matt Garratt","","","","70","","","hi@tracxn.com",""
"Headline","https://platform.tracxn.com/a/d/investor/CoMkvfgRQg6iUx0u2E5BtyaPxOOoXyUJqv6Robxqtzc/headline","https://i.tracxn.com/logo/company/ea2cd723d8ed1ed758d629718e66588?devicePixelRatio=1&format=webp&height=14&width=14","483","Bird, Scopely","San Francisco","VC","Enterprise Applications
Consumer","1998","Patrick Reilly","","","","80","","","",""
"F-Prime Capital","https://platform.tracxn.com/a/d/investor/aWmzHkzORV3z4hkXwE4HrRhAsDPOfEVa82ha0fYjfJs/f-primecapital","https://i.tracxn.com/logo/company/f_prime_capital_partners_logo_1639217a-f9d0-451c-b716-cfbc1ce1a0da.jpeg?devicePixelRatio=1&format=webp&height=14&width=14","462","Prosper, Toast","Cambridge","VC","Life Sciences
Enterprise Applications","1946","Allison Macleod","","","","86","","","hi@tracxn.com",""
"Nexus Venture Partners","https://platform.tracxn.com/a/d/investor/iY0v_bLCrnh6fprLjylqgn6P8FkyGFZnEDHngta3cuw/nexusventurepartners","https://i.tracxn.com/logo/company/Capture6_1586332772225.PNG?devicePixelRatio=1&format=webp&height=14&width=14","461","Delhivery, Rapido","Menlo Park","VC","Enterprise Applications
Consumer","2006","Abid Shah","","","","81","","","hi@tracxn.com",""
"Highland Capital Partners","https://platform.tracxn.com/a/d/investor/cZ20LSgAgnsdvZyQsVVZRQv8Exgq3x8xpiEszdKX3Uw/highlandcapitalpartners","https://i.tracxn.com/logo/company/hcp.png1495424744145?devicePixelRatio=1&format=webp&height=14&width=14","459","Scopely, VMware","Menlo Park","VC","Enterprise Applications
Consumer","1987","Jessica Healey","","","","59","","","hi@tracxn.com",""
"Union Square Ventures","https://platform.tracxn.com/a/d/investor/Stp8nXwu3yBbLR8nlVMtXt0FLpp0bFA7wtZVjmo0FOw/unionsquareventures","https://i.tracxn.com/logo/company/Selection_999(733)_1583909392205.png?devicePixelRatio=1&format=webp&height=14&width=14","449","Coinbase, Duolingo","New York City","VC","Enterprise Applications
Consumer","2003","Jared Hecht","","","","83","","","",""
"DCVC","https://platform.tracxn.com/a/d/investor/v-1lTmv5Tr4vlq97_7o2ITYPSCXrymVUjTAX4zYVAdA/dcvc","https://i.tracxn.com/logo/company/dcvc_d0d9ea7c-c344-481f-a516-c535ab0e985b.jpg?devicePixelRatio=1&format=webp&height=14&width=14","446","Facebook, Uber","Palo Alto","VC","Enterprise Applications
High Tech","2011","Matt OConnell","","","","70","","","hi@tracxn.com",""
"Arch Venture Partners","https://platform.tracxn.com/a/d/investor/zaNipkbojKG-U-j397Z3_NbhspXuo2hRbW2D-t_dMsI/archventurepartners","https://i.tracxn.com/logo/company/1_c440beda-1158-45d2-9a03-911d76e93237.png?devicePixelRatio=1&format=webp&height=14&width=14","446","Illumina, Alnylam","Chicago","VC","Life Sciences
High Tech","1986","Kaye Foster","","","","75","","","hi@tracxn.com",""
"Crosslink Capital","https://platform.tracxn.com/a/d/investor/6z1WX2RXl2Iy5XvRhfsfA_lF-A479XbYj1wsnPn_Rg8/crosslinkcapital","https://i.tracxn.com/logo/company/c7_ea7c4305-52cd-4c13-a197-53064e2b3ca4.PNG?devicePixelRatio=1&format=webp&height=14&width=14","432","Coupa, Prosper","San Francisco","VC","Enterprise Applications
Consumer","1989","Maureen Offer","","","","82","","","hi@tracxn.com",""
"Octopus Ventures","https://platform.tracxn.com/a/d/investor/BJFId88NdBIuSJV1odoI_FpuBEL-cfx1qTDlpf3kAaY/octopusventures","https://i.tracxn.com/logo/company/d79729597bb7b24e15aaed5a91385dc?devicePixelRatio=1&format=webp&height=14&width=14","414","The Access Group, Depop","New York City","VC","Enterprise Applications
High Tech","2000","Richard Anson","","","","64","","","hi@tracxn.com",""
"SoftBank Vision Fund","https://platform.tracxn.com/a/d/investor/-o6Ozmf13OpxuhPID5L31uwECa_XJjl63ByB3ZVisC8/softbankvisionfund","https://i.tracxn.com/logo/company/sof_4183cc9e-5cfa-4827-b0f1-877dfb30a92f.png?devicePixelRatio=1&format=webp&height=14&width=14","412","Slack, Uber","San Carlos","VC","Enterprise Applications
Consumer","1990","Rajeev Misra","","","","85","","","hi@tracxn.com",""
"Trinity Ventures","https://platform.tracxn.com/a/d/investor/tJVedARlTrG7aDkuaVwrLcaHVf453q6UPfcZ-cLaJxM/trinityventures","https://i.tracxn.com/logo/company/44b24ab53dd2d0c9b65e5779f6d3051?devicePixelRatio=1&format=webp&height=14&width=14","392","Zulily, Turo","Menlo Park","VC","Enterprise Applications
Consumer","1986","Schwark Satyavolu","","","","76","","","",""
"In-Q-Tel","https://platform.tracxn.com/a/d/investor/woZ8_Qe88LbiJ1O2Wf5p-S3ZNuNiP-kcXnBf46Uh3-w/in-q-tel","https://i.tracxn.com/logo/company/as_9422c6ec-34c2-4162-ab93-f1ab027b1fe0.jpeg?devicePixelRatio=1&format=webp&height=14&width=14","388","Databricks, MongoDB","Arlington","VC","Enterprise Applications
High Tech","1999","Steve Bowsher","","","","86","","","",""
"IVP","https://platform.tracxn.com/a/d/investor/T-4i5zc2Ca8uclBkfuUZ1UV1RKX0lt-GEEDoov7asxA/ivp","https://i.tracxn.com/logo/company/Capture30_1585723208772.PNG?devicePixelRatio=1&format=webp&height=14&width=14","387","Slack, Uber","Menlo Park","VC","Enterprise Applications
Consumer","1980","Tracy Hogan","","","","87","","","hi@tracxn.com",""
"FirstMark","https://platform.tracxn.com/a/d/investor/DfCYtoCfB-spXOmboy_QiO2fwcH7HzDWCqLnCU4I2Jg/firstmark","https://i.tracxn.com/logo/company/FirstMark_5ba702f8-6684-412d-a99b-d78a709c2399.png?devicePixelRatio=1&format=webp&height=14&width=14","384","DraftKings, Shopify","New York City","VC
Incubators","Enterprise Applications
Consumer","1987","Scott Switzer","","","","76","","","hi@tracxn.com",""
"Founder Collective","https://platform.tracxn.com/a/d/investor/MpJvWo8VbK2LPKlO2497fRHp8UXAb_utNhZPCotwT3o/foundercollective","https://i.tracxn.com/logo/company/6_d9d96f8b-44d2-46d3-8e54-5a4b6e0164fd.jpeg?devicePixelRatio=1&format=webp&height=14&width=14","382","Uber, Coupang","Cambridge","VC","Enterprise Applications
Consumer","2009","Noah Glass","","","","74","","","hi@tracxn.com",""
"Shasta Ventures","https://platform.tracxn.com/a/d/investor/KwtVAJG239GSERqnmNy-efz3VdZbyDKZnqNzh-4YfmU/shastaventures","https://i.tracxn.com/logo/company/sfs_b171f106-e633-4bb9-b4dd-eb361c0972eb.png?devicePixelRatio=1&format=webp&height=14&width=14","380","Canva, SentinelOne","Portola Valley","VC","Enterprise Applications
High Tech","2004","Juan Carlos Soto","","","","86","","","hi@tracxn.com",""
"Thrive Capital","https://platform.tracxn.com/a/d/investor/1ToUx6sZYcHEtkaIQHAnmGcvZhOFG8g_dfKHI3ywdYQ/thrivecapital","https://i.tracxn.com/logo/company/AAEAAQAAAAAAAAfoAAAAJDJmYmZmM2FhLTRlZmItNDA0NS1iMTQ5LTg4MGViZDY2MjBkNw.png1495191037369?devicePixelRatio=1&format=webp&height=14&width=14","380","OpenAI, Slack","New York City","VC","Enterprise Applications
Consumer","2009","Anuj Mehndiratta","","","","79","","","hi@tracxn.com",""
"Entrepreneurs Roundtable Accelerator","https://platform.tracxn.com/a/d/investor/WeWPI3bVGHsuoK0OoMLjvkAIo0v49V6lzy81z3QAh9g/entrepreneursroundtableaccelerator","https://i.tracxn.com/logo/company/8dd5b35f8a385258aa32bc7f3076bd2d?devicePixelRatio=1&format=webp&height=14&width=14","379","Katapult, Hyro","New York City","VC
Incubators","Enterprise Applications
Consumer","2011","Brian Hecht","","","","61","","","hi@tracxn.com",""
"Cisco Investments","https://platform.tracxn.com/a/d/investor/HiUlHfnMlfVZ9mM3_5pE0JxykepFu8o5is_gZCQXA-E/ciscoinvestments","https://i.tracxn.com/logo/company/Capture7_1586333116842.PNG?devicePixelRatio=1&format=webp&height=14&width=14","375","Akamai, MobiKwik","San Jose","VC","Enterprise Applications
Enterprise Infrastructure","1993","Tali Roberts","","","","76","","","hi@tracxn.com",""
"Right Side Capital Management","https://platform.tracxn.com/a/d/investor/PhHvmGXfsll3lQbHGAI_uwEFc66VOi9zXOHJJSarkE0/rightsidecapitalmanagement","https://i.tracxn.com/logo/company/rcsm_30fadb3f-5679-4378-be43-77a4363bb58c.png?devicePixelRatio=1&format=webp&height=14&width=14","367","Compass, ClassPass","San Francisco","VC","Enterprise Applications
Consumer","2010","John Eng","","","","60","","","",""
"QED Investors","https://platform.tracxn.com/a/d/investor/LPTUjbfYE-3zVvTAuoP2fEgunxUOm4Gy4f4QZzjUnWc/qedinvestors","https://i.tracxn.com/logo/company/3NloQ6Ls_400x400_876f359c-70aa-44f2-b7a8-cbc04b93f875.jpg?devicePixelRatio=1&format=webp&height=14&width=14","367","Nubank, SoFi","Alexandria","VC","FinTech
Enterprise Applications","2007","Sandeep Patil","","","","80","","","hi@tracxn.com",""
"Entrepreneur First","https://platform.tracxn.com/a/d/investor/IkujcXG2Cqv-_bLooVloppE_ZsV3wZIDaPoVk1LGrLY/entrepreneurfirst","https://i.tracxn.com/logo/company/Screenshot_2026-03-25_052053_ec98e9a9-8541-4a20-8ec7-db741b1820f8.png?devicePixelRatio=1&format=webp&height=14&width=14","366","Deliveroo, Cleo AI","San Francisco","Incubators","Enterprise Applications
High Tech","2011","Jay Shah","","","","64","","","hi@tracxn.com",""
"Liquid 2 Ventures","https://platform.tracxn.com/a/d/investor/3AwM0WOzEpdzP34z8zzq1gIjk52SoxWIjuiMmSkeQSI/liquid2ventures","https://i.tracxn.com/logo/company/4471e36ca557183759f7d45dd6762f8?devicePixelRatio=1&format=webp&height=14&width=14","354","Mercury, FanDuel","San Francisco","VC","Enterprise Applications
High Tech","2015","Qasar Younis","","","","70","","","",""
"M12","https://platform.tracxn.com/a/d/investor/TK5rhhc4-01TrNzRpVlp94y2aX2pU4NX48VJQmFoFVM/m12","https://i.tracxn.com/logo/company/M2_978a231d-80af-4ca2-809f-0665889002af.png?devicePixelRatio=1&format=webp&height=14&width=14","354","CloudFlare, BlueVine","San Francisco","VC","Enterprise Applications
High Tech","2016","Cat Knoerr","","","","76","","","hi@tracxn.com",""
"Upfront Ventures","https://platform.tracxn.com/a/d/investor/Ifu5pEoxJEzFKxM05lQX4RhqT9VB0-S9vxok5kNVSLo/upfrontventures","https://i.tracxn.com/logo/company/Selection_999(241)_1581417704262.png?devicePixelRatio=1&format=webp&height=14&width=14","352","Bird, GoodRx","Los Angeles","VC","Enterprise Applications
Consumer","1996","Nina Sen","","","","73","","","hi@tracxn.com",""
"Foundry","https://platform.tracxn.com/a/d/investor/dqSYPhCbyUgY2Yc5b6XRbhMPz4XSQ5U4ICufMta7sKM/foundry","https://i.tracxn.com/logo/company/foundry.vc_Logo_9b6c6d47-fb39-400d-ad50-c6d40ae74a67.jpg?devicePixelRatio=1&format=webp&height=14&width=14","351","Rover, Zynga","Boulder","VC","Enterprise Applications
Consumer","2007","Seth Levine","","","","64","","","hi@tracxn.com",""
"Dreamit","https://platform.tracxn.com/a/d/investor/up-h6fQaiYgaC5Y_oD0I6GCncQK9_CMaK239fRIBOP0/dreamit","https://i.tracxn.com/logo/company/Selection_999(813)_1584094073571.png?devicePixelRatio=1&format=webp&height=14&width=14","351","Headout, SeatGeek","New York City","Incubators","Enterprise Applications
HealthTech","2008","Rudy Wolfs","","","","55","","","",""
"Soma Capital","https://platform.tracxn.com/a/d/investor/tgqyHgevpzz8E2TbtiNYF3OBJUvnP2EWBucacyyRkrw/somacapital","https://i.tracxn.com/logo/company/SC_af95108b-186a-42f1-9369-4b05f73c2e84.png?devicePixelRatio=1&format=webp&height=14&width=14","350","Razorpay, Ramp","San Francisco","VC","Enterprise Applications
FinTech","2015","David Frayer","","","","64","","","",""
"Village Capital","https://platform.tracxn.com/a/d/investor/1sYTRGLaCTyTd2zn4rS004c9Gq5i3wDhta01IjJ2ncA/villagecapital","https://i.tracxn.com/logo/company/SpLtXEAY_400x400.png1503406117081?devicePixelRatio=1&format=webp&height=14&width=14","349","Snapmint, Kaiser Permanente","Washington, DC","Incubators
Social Impact Funds","Enterprise Applications
FinTech","2009","Peter Lundquist","","","","58","","","hi@tracxn.com",""
"Endeavor","https://platform.tracxn.com/a/d/investor/W-UmH897_CJhDIUf0498AwDdLDU5_-uU_9uW9svj3O8/endeavor","https://i.tracxn.com/logo/company/8e49d9b7a21f263d0a12e46584653f5?devicePixelRatio=1&format=webp&height=14&width=14","346","Glovo, Brex","New York City","Incubators
VC","Enterprise Applications
Consumer","1997","Alex Crosby","","","","84","","","hi@tracxn.com",""
"Gener8tor","https://platform.tracxn.com/a/d/investor/EyrkssnRABRUrbArVt-GCFrGPVx9lHFhiYTlW-hmPbk/gener8tor","https://i.tracxn.com/logo/company/ffb81fdf70413eaa244381da81d2b3?devicePixelRatio=1&format=webp&height=14&width=14","345","Spotify, Provi","Madison","Incubators","Enterprise Applications
Consumer","2012","John Benzick","","","","54","","","hi@tracxn.com",""
"Goodwater Capital","https://platform.tracxn.com/a/d/investor/MwiRKfUBl7LFofmqzXmLK9zduOkkJghe-FK-DpCYQQM/goodwatercapital","https://i.tracxn.com/logo/company/59f0e6c528e4c72270f513716bb68ea1?devicePixelRatio=1&format=webp&height=14&width=14","342","Facebook, Spotify","Burlingame","VC","Consumer
FinTech","2014","Jon Mcneill","","","","82","","","",""
"Northzone","https://platform.tracxn.com/a/d/investor/7FWKIhQvFdlbBOabPnaFPVMw4x4_7R3JdJiYCl1IS4A/northzone","https://i.tracxn.com/logo/company/79a9a3e5a3c7bc25eae97ab21a3f4219?devicePixelRatio=1&format=webp&height=14&width=14","339","Spotify, Klarna","New York City","VC","Enterprise Applications
Consumer","1996","Marc Jacobs","","","","75","","","hi@tracxn.com",""
"Uncork Capital","https://platform.tracxn.com/a/d/investor/p4F-9ijHPgxOrvYMsJRTKA0v-eiEyJfU2FfvxSX0YEE/uncorkcapital","https://i.tracxn.com/logo/company/Selection_657.png1518612132409?devicePixelRatio=1&format=webp&height=14&width=14","337","Facebook, Eventbrite","Palo Alto","VC","Enterprise Applications
Consumer","2004","Jeff Clavier","","","","77","","","hi@tracxn.com",""
"InterWest Partners","https://platform.tracxn.com/a/d/investor/grul67qmhD1FZRed66Rq6hkcLmD2GvvtdxVTkHTOIws/interwestpartners","https://i.tracxn.com/logo/company/22c6b530a6466dcc382964a2a85f5f0?devicePixelRatio=1&format=webp&height=14&width=14","335","Workday, Canva","Los Altos","VC","Life Sciences
Enterprise Applications","1979","Khaled Nasr","","","","66","","","",""
"Comcast Ventures","https://platform.tracxn.com/a/d/investor/XMbrvGxXtqT82Sdq9IWu32nlOOFirpsVV33BqzVWPMk/comcastventures","https://i.tracxn.com/logo/company/6f19117edabbdf25e2338fc7f695b39d?devicePixelRatio=1&format=webp&height=14&width=14","335","Slack, Lyft","San Francisco","VC","Enterprise Applications
Consumer","1999","Andre Iguodala","","","","85","","","hi@tracxn.com",""
"Sapphire Ventures","https://platform.tracxn.com/a/d/investor/L7WRcQl_GJgB1EZj8c2iXQt9WXurUqC3sFgKArpEYy0/sapphireventures","https://i.tracxn.com/logo/company/Selection_804_1578306410825.png?devicePixelRatio=1&format=webp&height=14&width=14","334","Square, Paytm","Austin","VC
Social Impact Funds","Enterprise Applications
Enterprise Infrastructure","1996","Paul Levine","","","","89","","","",""
"Y Combinator","https://platform.tracxn.com/a/d/investor/52c06af4e4b09a1f9f132c8b/ycombinator#a:key-metrics","https://s3.amazonaws.com/tracxn-homepage-screenshots/domain/1fold/httpswwwycombinatorcom_QdTTUFqsdjx2JYkcr_ll9.jpeg","731","Groww, Brex, Stripe, Instawork, Plume","Mountain View","VC
Incubators","Enterprise Applications","2005","David Lieb","","","","91","","https://twitter.com/ycombinator","hi@tracxn.com",""
"Y Combinator","https://platform.tracxn.com/a/d/investor/52c06af4e4b09a1f9f132c8b/ycombinator#a:key-metrics","https://s3.amazonaws.com/tracxn-homepage-screenshots/domain/1fold/httpswwwycombinatorcom_QdTTUFqsdjx2JYkcr_ll9.jpeg","731","Groww, Brex, Stripe, Instawork, Plume","Mountain View","VC
Incubators","Enterprise Applications","2005","David Lieb","","","","91","","https://facebook.com/ycombinator","hi@tracxn.com",""
"Y Combinator","https://platform.tracxn.com/a/d/investor/52c06af4e4b09a1f9f132c8b/ycombinator#a:key-metrics","https://s3.amazonaws.com/tracxn-homepage-screenshots/domain/1fold/httpswwwycombinatorcom_QdTTUFqsdjx2JYkcr_ll9.jpeg","731","Groww, Brex, Stripe, Instawork","Mountain View","VC
Incubators","Enterprise Applications","2005","David Lieb","","","","91","","https://twitter.com/ycombinator","hi@tracxn.com",""
"Y Combinator","","","","","","Incubators","","","","","","","","","","",""
"Y Combinator","","","","","","Incubators","","","","","","","","","","",""
"Y Combinator","https://platform.tracxn.com/a/d/investor/52c06af4e4b09a1f9f132c8b/ycombinator#a:key-metrics","https://cdn.tracxn.com/images/static/tracxn-logo-full-100x22.svg","","","","Incubators","","","","","","","","","","hi@tracxn.com",""
"Y Combinator","","","","","","VC
Incubators","","2005","","","","","","","","",""
